year,show,ethnicity,actors,theater,type,non-profit
2008-2009,33 Variations,African American,0,,Play,
2008-2009,33 Variations,Asian American,0,,Play,
2008-2009,33 Variations,Caucasian,10,,Play,
2008-2009,33 Variations,Latino,0,,Play,
2008-2009,33 Variations,Other,0,,Play,
2008-2009,9 to 5,African American,2,,Musical,
2008-2009,9 to 5,Asian American,1,,Musical,
2008-2009,9 to 5,Caucasian,26,,Musical,
2008-2009,9 to 5,Latino,1,,Musical,
2008-2009,9 to 5,Other,0,,Musical,
2008-2009,A Man For All Seasons,African American,0,,Play,
2008-2009,A Man For All Seasons,Asian American,0,,Play,
2008-2009,A Man For All Seasons,Caucasian,14,,Play,
2008-2009,A Man For All Seasons,Latino,2,,Play,
2008-2009,A Man For All Seasons,Other,0,,Play,
2008-2009,A Tale of Two Cities,African American,1,,Musical,
2008-2009,A Tale of Two Cities,Asian American,0,,Musical,
2008-2009,A Tale of Two Cities,Caucasian,36,,Musical,
2008-2009,A Tale of Two Cities,Latino,1,,Musical,
2008-2009,A Tale of Two Cities,Other,0,,Musical,
2008-2009,Accent on Youth,African American,0,,Play,
2008-2009,Accent on Youth,Asian American,0,,Play,
2008-2009,Accent on Youth,Caucasian,13,,Play,
2008-2009,Accent on Youth,Latino,0,,Play,
2008-2009,Accent on Youth,Other,0,,Play,
2008-2009,American Buffalo,African American,2,,Play,
2008-2009,American Buffalo,Asian American,0,,Play,
2008-2009,American Buffalo,Caucasian,2,,Play,
2008-2009,American Buffalo,Latino,2,,Play,
2008-2009,American Buffalo,Other,0,,Play,
2008-2009,Billy Elliot,African American,2,,Musical,
2008-2009,Billy Elliot,Asian American,0,,Musical,
2008-2009,Billy Elliot,Caucasian,48,,Musical,
2008-2009,Billy Elliot,Latino,1,,Musical,
2008-2009,Billy Elliot,Other,0,,Musical,
2008-2009,Blithe Spirit,African American,0,,Play,
2008-2009,Blithe Spirit,Asian American,0,,Play,
2008-2009,Blithe Spirit,Caucasian,10,,Play,
2008-2009,Blithe Spirit,Latino,0,,Play,
2008-2009,Blithe Spirit,Other,0,,Play,
2008-2009,Desire Under the Elms,African American,0,,Play,
2008-2009,Desire Under the Elms,Asian American,0,,Play,
2008-2009,Desire Under the Elms,Caucasian,9,,Play,
2008-2009,Desire Under the Elms,Latino,0,,Play,
2008-2009,Desire Under the Elms,Other,0,,Play,
2008-2009,Dividing the Estate,African American,5,,Play,
2008-2009,Dividing the Estate,Asian American,0,,Play,
2008-2009,Dividing the Estate,Caucasian,16,,Play,
2008-2009,Dividing the Estate,Latino,0,,Play,
2008-2009,Dividing the Estate,Other,0,,Play,
2008-2009,Equus,African American,4,,Play,
2008-2009,Equus,Asian American,0,,Play,
2008-2009,Equus,Caucasian,16,,Play,
2008-2009,Equus,Latino,0,,Play,
2008-2009,Equus,Other,0,,Play,
2008-2009,Exit the King,African American,0,,Play,
2008-2009,Exit the King,Asian American,0,,Play,
2008-2009,Exit the King,Caucasian,9,,Play,
2008-2009,Exit the King,Latino,0,,Play,
2008-2009,Exit the King,Other,0,,Play,
2008-2009,God of Carnage,African American,0,,Play,
2008-2009,God of Carnage,Asian American,0,,Play,
2008-2009,God of Carnage,Caucasian,6,,Play,
2008-2009,God of Carnage,Latino,0,,Play,
2008-2009,God of Carnage,Other,0,,Play,
2008-2009,Guys and Dolls,African American,4,,Musical,
2008-2009,Guys and Dolls,Asian American,0,,Musical,
2008-2009,Guys and Dolls,Caucasian,24,,Musical,
2008-2009,Guys and Dolls,Latino,3,,Musical,
2008-2009,Guys and Dolls,Other,0,,Musical,
2008-2009,Hair,African American,10,,Musical,
2008-2009,Hair,Asian American,1,,Musical,
2008-2009,Hair,Caucasian,21,,Musical,
2008-2009,Hair,Latino,0,,Musical,
2008-2009,Hair,Other,0,,Musical,
2008-2009,Hedda Gabler,African American,1,,Play,
2008-2009,Hedda Gabler,Asian American,0,,Play,
2008-2009,Hedda Gabler,Caucasian,10,,Play,
2008-2009,Hedda Gabler,Latino,0,,Play,
2008-2009,Hedda Gabler,Other,0,,Play,
2008-2009,Impressionism,African American,2,,Play,
2008-2009,Impressionism,Asian American,0,,Play,
2008-2009,Impressionism,Caucasian,12,,Play,
2008-2009,Impressionism,Latino,0,,Play,
2008-2009,Impressionism,Other,0,,Play,
2008-2009,Irena's Vow,African American,0,,Play,
2008-2009,Irena's Vow,Asian American,0,,Play,
2008-2009,Irena's Vow,Caucasian,14,,Play,
2008-2009,Irena's Vow,Latino,0,,Play,
2008-2009,Irena's Vow,Other,0,,Play,
2008-2009,Joe Turner's Come and Gone,African American,16,,Play,
2008-2009,Joe Turner's Come and Gone,Asian American,0,,Play,
2008-2009,Joe Turner's Come and Gone,Caucasian,2,,Play,
2008-2009,Joe Turner's Come and Gone,Latino,0,,Play,
2008-2009,Joe Turner's Come and Gone,Other,0,,Play,
2008-2009,Mary Stuart,African American,0,,Play,
2008-2009,Mary Stuart,Asian American,0,,Play,
2008-2009,Mary Stuart,Caucasian,15,,Play,
2008-2009,Mary Stuart,Latino,0,,Play,
2008-2009,Mary Stuart,Other,0,,Play,
2008-2009,Next to Normal,African American,0,,Musical,
2008-2009,Next to Normal,Asian American,0,,Musical,
2008-2009,Next to Normal,Caucasian,10,,Musical,
2008-2009,Next to Normal,Latino,0,,Musical,
2008-2009,Next to Normal,Other,0,,Musical,
2008-2009,Pal Joey,African American,1,,Musical,
2008-2009,Pal Joey,Asian American,0,,Musical,
2008-2009,Pal Joey,Caucasian,20,,Musical,
2008-2009,Pal Joey,Latino,0,,Musical,
2008-2009,Pal Joey,Other,0,,Musical,
2008-2009,Rock of Ages,African American,3,,Musical,
2008-2009,Rock of Ages,Asian American,0,,Musical,
2008-2009,Rock of Ages,Caucasian,16,,Musical,
2008-2009,Rock of Ages,Latino,0,,Musical,
2008-2009,Rock of Ages,Other,0,,Musical,
2008-2009,Shrek,African American,4,,Musical,
2008-2009,Shrek,Asian American,1,,Musical,
2008-2009,Shrek,Caucasian,25,,Musical,
2008-2009,Shrek,Latino,1,,Musical,
2008-2009,Shrek,Other,0,,Musical,
2008-2009,Slava's Snowshow,African American,0,,Play,
2008-2009,Slava's Snowshow,Asian American,0,,Play,
2008-2009,Slava's Snowshow,Caucasian,11,,Play,
2008-2009,Slava's Snowshow,Latino,0,,Play,
2008-2009,Slava's Snowshow,Other,0,,Play,
2008-2009,Soul of Shaolin,African American,0,,Special Performance,
2008-2009,Soul of Shaolin,Asian American,30,,Special Performance,
2008-2009,Soul of Shaolin,Caucasian,0,,Special Performance,
2008-2009,Soul of Shaolin,Latino,0,,Special Performance,
2008-2009,Soul of Shaolin,Other,0,,Special Performance,
2008-2009,Speed the Plow,African American,0,,Play,
2008-2009,Speed the Plow,Asian American,0,,Play,
2008-2009,Speed the Plow,Caucasian,4,,Play,
2008-2009,Speed the Plow,Latino,1,,Play,
2008-2009,Speed the Plow,Other,0,,Play,
2008-2009,The American Plan,African American,2,,Play,
2008-2009,The American Plan,Asian American,0,,Play,
2008-2009,The American Plan,Caucasian,6,,Play,
2008-2009,The American Plan,Latino,1,,Play,
2008-2009,The American Plan,Other,0,,Play,
2008-2009,The Norman Conquests,African American,0,,Play,
2008-2009,The Norman Conquests,Asian American,0,,Play,
2008-2009,The Norman Conquests,Caucasian,10,,Play,
2008-2009,The Norman Conquests,Latino,0,,Play,
2008-2009,The Norman Conquests,Other,0,,Play,
2008-2009,The Philanthropist,African American,0,,Play,
2008-2009,The Philanthropist,Asian American,0,,Play,
2008-2009,The Philanthropist,Caucasian,10,,Play,
2008-2009,The Philanthropist,Latino,0,,Play,
2008-2009,The Philanthropist,Other,0,,Play,
2008-2009,The Seagull,African American,0,,Play,
2008-2009,The Seagull,Asian American,1,,Play,
2008-2009,The Seagull,Caucasian,16,,Play,
2008-2009,The Seagull,Latino,0,,Play,
2008-2009,The Seagull,Other,0,,Play,
2008-2009,The Story of My Life,African American,0,,Musical,
2008-2009,The Story of My Life,Asian American,0,,Musical,
2008-2009,The Story of My Life,Caucasian,6,,Musical,
2008-2009,The Story of My Life,Latino,0,,Musical,
2008-2009,The Story of My Life,Other,0,,Musical,
2008-2009,Thirteen,African American,2,,Musical,
2008-2009,Thirteen,Asian American,0,,Musical,
2008-2009,Thirteen,Caucasian,15,,Musical,
2008-2009,Thirteen,Latino,2,,Musical,
2008-2009,Thirteen,Other,0,,Musical,
2008-2009,To Be or Not to Be,African American,0,,Play,
2008-2009,To Be or Not to Be,Asian American,0,,Play,
2008-2009,To Be or Not to Be,Caucasian,16,,Play,
2008-2009,To Be or Not to Be,Latino,0,,Play,
2008-2009,To Be or Not to Be,Other,0,,Play,
2008-2009,Waiting for Godot,African American,0,,Play,
2008-2009,Waiting for Godot,Asian American,0,,Play,
2008-2009,Waiting for Godot,Caucasian,8,,Play,
2008-2009,Waiting for Godot,Latino,0,,Play,
2008-2009,Waiting for Godot,Other,0,,Play,
2008-2009,West Side Story,African American,0,,Musical,
2008-2009,West Side Story,Asian American,0,,Musical,
2008-2009,West Side Story,Caucasian,28,,Musical,
2008-2009,West Side Story,Latino,18,,Musical,
2008-2009,West Side Story,Other,0,,Musical,
2008-2009,White Christmas,African American,2,,Musical,
2008-2009,White Christmas,Asian American,1,,Musical,
2008-2009,White Christmas,Caucasian,30,,Musical,
2008-2009,White Christmas,Latino,0,,Musical,
2008-2009,White Christmas,Other,0,,Musical,
2008-2009,"You're Welcome, America",African American,2,,Play,
2008-2009,"You're Welcome, America",Asian American,0,,Play,
2008-2009,"You're Welcome, America",Caucasian,4,,Play,
2008-2009,"You're Welcome, America",Latino,0,,Play,
2008-2009,"You're Welcome, America",Other,0,,Play,
2008-2009,[title of show],African American,0,,Musical,
2008-2009,[title of show],Asian American,0,,Musical,
2008-2009,[title of show],Caucasian,6,,Musical,
2008-2009,[title of show],Latino,0,,Musical,
2008-2009,[title of show],Other,0,,Musical,
2008-2009,reasons to be pretty,African American,0,,Play,
2008-2009,reasons to be pretty,Asian American,0,,Play,
2008-2009,reasons to be pretty,Caucasian,6,,Play,
2008-2009,reasons to be pretty,Latino,0,,Play,
2008-2009,reasons to be pretty,Other,0,,Play,
2009-2010,*Burn the Floor,African American,0,,Musical,
2009-2010,*Burn the Floor,Asian American,0,,Musical,
2009-2010,*Burn the Floor,Caucasian,20,,Musical,
2009-2010,*Burn the Floor,Latino,2,,Musical,
2009-2010,*Burn the Floor,Other,0,,Musical,
2009-2010,*Come Fly Away,African American,2,,Musical,
2009-2010,*Come Fly Away,Asian American,1,,Musical,
2009-2010,*Come Fly Away,Caucasian,23,,Musical,
2009-2010,*Come Fly Away,Latino,1,,Musical,
2009-2010,*Come Fly Away,Other,0,,Musical,
2009-2010,A Behanding in Spokane,African American,2,,Play,
2009-2010,A Behanding in Spokane,Asian American,0,,Play,
2009-2010,A Behanding in Spokane,Caucasian,6,,Play,
2009-2010,A Behanding in Spokane,Latino,0,,Play,
2009-2010,A Behanding in Spokane,Other,0,,Play,
2009-2010,A Little Night Music,African American,0,,Musical,
2009-2010,A Little Night Music,Asian American,0,,Musical,
2009-2010,A Little Night Music,Caucasian,19,,Musical,
2009-2010,A Little Night Music,Latino,0,,Musical,
2009-2010,A Little Night Music,Other,0,,Musical,
2009-2010,A Steady Rain,African American,0,,Play,
2009-2010,A Steady Rain,Asian American,0,,Play,
2009-2010,A Steady Rain,Caucasian,4,,Play,
2009-2010,A Steady Rain,Latino,0,,Play,
2009-2010,A Steady Rain,Other,0,,Play,
2009-2010,Addams Family,African American,0,,Musical,
2009-2010,Addams Family,Asian American,0,,Musical,
2009-2010,Addams Family,Caucasian,23,,Musical,
2009-2010,Addams Family,Latino,3,,Musical,
2009-2010,Addams Family,Other,0,,Musical,
2009-2010,After Miss Julie,African American,0,,Play,
2009-2010,After Miss Julie,Asian American,0,,Play,
2009-2010,After Miss Julie,Caucasian,5,,Play,
2009-2010,After Miss Julie,Latino,0,,Play,
2009-2010,After Miss Julie,Other,0,,Play,
2009-2010,All About Me,African American,1,,Musical,
2009-2010,All About Me,Asian American,0,,Musical,
2009-2010,All About Me,Caucasian,4,,Musical,
2009-2010,All About Me,Latino,1,,Musical,
2009-2010,All About Me,Other,0,,Musical,
2009-2010,American Idiot,African American,3,,Musical,
2009-2010,American Idiot,Asian American,0,,Musical,
2009-2010,American Idiot,Caucasian,19,,Musical,
2009-2010,American Idiot,Latino,2,,Musical,
2009-2010,American Idiot,Other,0,,Musical,
2009-2010,Bye Bye Birdie,African American,2,,Musical,
2009-2010,Bye Bye Birdie,Asian American,0,,Musical,
2009-2010,Bye Bye Birdie,Caucasian,34,,Musical,
2009-2010,Bye Bye Birdie,Latino,0,,Musical,
2009-2010,Bye Bye Birdie,Other,0,,Musical,
2009-2010,Collected Stories,African American,0,,Play,
2009-2010,Collected Stories,Asian American,0,,Play,
2009-2010,Collected Stories,Caucasian,4,,Play,
2009-2010,Collected Stories,Latino,0,,Play,
2009-2010,Collected Stories,Other,0,,Play,
2009-2010,Enron,African American,3,,Play,
2009-2010,Enron,Asian American,0,,Play,
2009-2010,Enron,Caucasian,16,,Play,
2009-2010,Enron,Latino,0,,Play,
2009-2010,Enron,Other,0,,Play,
2009-2010,Everyday Rapture,African American,0,,Musical,
2009-2010,Everyday Rapture,Asian American,0,,Musical,
2009-2010,Everyday Rapture,Caucasian,5,,Musical,
2009-2010,Everyday Rapture,Latino,1,,Musical,
2009-2010,Everyday Rapture,Other,0,,Musical,
2009-2010,Fences,African American,12,,Play,
2009-2010,Fences,Asian American,0,,Play,
2009-2010,Fences,Caucasian,0,,Play,
2009-2010,Fences,Latino,0,,Play,
2009-2010,Fences,Other,0,,Play,
2009-2010,Finian's Rainbow,African American,15,,Musical,
2009-2010,Finian's Rainbow,Asian American,0,,Musical,
2009-2010,Finian's Rainbow,Caucasian,19,,Musical,
2009-2010,Finian's Rainbow,Latino,0,,Musical,
2009-2010,Finian's Rainbow,Other,1,,Musical,
2009-2010,Hamlet,African American,2,,Play,
2009-2010,Hamlet,Asian American,0,,Play,
2009-2010,Hamlet,Caucasian,18,,Play,
2009-2010,Hamlet,Latino,0,,Play,
2009-2010,Hamlet,Other,0,,Play,
2009-2010,In the Next Room,African American,2,,Play,
2009-2010,In the Next Room,Asian American,0,,Play,
2009-2010,In the Next Room,Caucasian,10,,Play,
2009-2010,In the Next Room,Latino,0,,Play,
2009-2010,In the Next Room,Other,0,,Play,
2009-2010,La Cage Aux Folles,African American,2,,Musical,
2009-2010,La Cage Aux Folles,Asian American,0,,Musical,
2009-2010,La Cage Aux Folles,Caucasian,19,,Musical,
2009-2010,La Cage Aux Folles,Latino,2,,Musical,
2009-2010,La Cage Aux Folles,Other,0,,Musical,
2009-2010,Lend Me a Tenor,African American,0,,Play,
2009-2010,Lend Me a Tenor,Asian American,0,,Play,
2009-2010,Lend Me a Tenor,Caucasian,12,,Play,
2009-2010,Lend Me a Tenor,Latino,0,,Play,
2009-2010,Lend Me a Tenor,Other,0,,Play,
2009-2010,Looped,African American,0,,Play,
2009-2010,Looped,Asian American,0,,Play,
2009-2010,Looped,Caucasian,5,,Play,
2009-2010,Looped,Latino,0,,Play,
2009-2010,Looped,Other,0,,Play,
2009-2010,Memphis,African American,17,,Musical,
2009-2010,Memphis,Asian American,0,,Musical,
2009-2010,Memphis,Caucasian,13,,Musical,
2009-2010,Memphis,Latino,0,,Musical,
2009-2010,Memphis,Other,0,,Musical,
2009-2010,Million Dollar Quartet,African American,0,,Musical,
2009-2010,Million Dollar Quartet,Asian American,0,,Musical,
2009-2010,Million Dollar Quartet,Caucasian,13,,Musical,
2009-2010,Million Dollar Quartet,Latino,0,,Musical,
2009-2010,Million Dollar Quartet,Other,0,,Musical,
2009-2010,Next Fall,African American,0,,Play,
2009-2010,Next Fall,Asian American,0,,Play,
2009-2010,Next Fall,Caucasian,9,,Play,
2009-2010,Next Fall,Latino,0,,Play,
2009-2010,Next Fall,Other,0,,Play,
2009-2010,Oleanna,African American,0,,Play,
2009-2010,Oleanna,Asian American,0,,Play,
2009-2010,Oleanna,Caucasian,4,,Play,
2009-2010,Oleanna,Latino,0,,Play,
2009-2010,Oleanna,Other,0,,Play,
2009-2010,Present Laughter,African American,0,,Play,
2009-2010,Present Laughter,Asian American,0,,Play,
2009-2010,Present Laughter,Caucasian,15,,Play,
2009-2010,Present Laughter,Latino,0,,Play,
2009-2010,Present Laughter,Other,0,,Play,
2009-2010,"Promises, Promises",African American,1,,Musical,
2009-2010,"Promises, Promises",Asian American,1,,Musical,
2009-2010,"Promises, Promises",Caucasian,25,,Musical,
2009-2010,"Promises, Promises",Latino,0,,Musical,
2009-2010,"Promises, Promises",Other,0,,Musical,
2009-2010,Race,African American,4,,Play,
2009-2010,Race,Asian American,0,,Play,
2009-2010,Race,Caucasian,3,,Play,
2009-2010,Race,Latino,0,,Play,
2009-2010,Race,Other,0,,Play,
2009-2010,Ragtime,African American,16,,Musical,
2009-2010,Ragtime,Asian American,0,,Musical,
2009-2010,Ragtime,Caucasian,24,,Musical,
2009-2010,Ragtime,Latino,0,,Musical,
2009-2010,Ragtime,Other,0,,Musical,
2009-2010,Red,African American,0,,Play,
2009-2010,Red,Asian American,0,,Play,
2009-2010,Red,Caucasian,4,,Play,
2009-2010,Red,Latino,0,,Play,
2009-2010,Red,Other,0,,Play,
2009-2010,Sondheim on Sondheim,African American,3,,Musical,
2009-2010,Sondheim on Sondheim,Asian American,0,,Musical,
2009-2010,Sondheim on Sondheim,Caucasian,9,,Musical,
2009-2010,Sondheim on Sondheim,Latino,0,,Musical,
2009-2010,Sondheim on Sondheim,Other,0,,Musical,
2009-2010,Superior Donuts,African American,3,,Play,
2009-2010,Superior Donuts,Asian American,0,,Play,
2009-2010,Superior Donuts,Caucasian,11,,Play,
2009-2010,Superior Donuts,Latino,0,,Play,
2009-2010,Superior Donuts,Other,0,,Play,
2009-2010,The Miracle Worker,African American,5,,Play,
2009-2010,The Miracle Worker,Asian American,0,,Play,
2009-2010,The Miracle Worker,Caucasian,12,,Play,
2009-2010,The Miracle Worker,Latino,0,,Play,
2009-2010,The Miracle Worker,Other,0,,Play,
2009-2010,The Neil Simon Plays,African American,0,,Play,
2009-2010,The Neil Simon Plays,Asian American,0,,Play,
2009-2010,The Neil Simon Plays,Caucasian,16,,Play,
2009-2010,The Neil Simon Plays,Latino,0,,Play,
2009-2010,The Neil Simon Plays,Other,0,,Play,
2009-2010,The Royal Family,African American,1,,Play,
2009-2010,The Royal Family,Asian American,0,,Play,
2009-2010,The Royal Family,Caucasian,17,,Play,
2009-2010,The Royal Family,Latino,0,,Play,
2009-2010,The Royal Family,Other,0,,Play,
2009-2010,Time Stands Still,African American,0,,Play,
2009-2010,Time Stands Still,Asian American,0,,Play,
2009-2010,Time Stands Still,Caucasian,6,,Play,
2009-2010,Time Stands Still,Latino,0,,Play,
2009-2010,Time Stands Still,Other,0,,Play,
2009-2010,White Christmas,African American,2,,Musical,
2009-2010,White Christmas,Asian American,0,,Musical,
2009-2010,White Christmas,Caucasian,30,,Musical,
2009-2010,White Christmas,Latino,0,,Musical,
2009-2010,White Christmas,Other,1,,Musical,
2009-2010,Wishful Drinking,African American,0,,Play,
2009-2010,Wishful Drinking,Asian American,0,,Play,
2009-2010,Wishful Drinking,Caucasian,1,,Play,
2009-2010,Wishful Drinking,Latino,0,,Play,
2009-2010,Wishful Drinking,Other,0,,Play,
2010-2011,A Free Man of Color,African American,0,,Play,
2010-2011,A Free Man of Color,Asian American,0,,Play,
2010-2011,A Free Man of Color,Caucasian,15,,Play,
2010-2011,A Free Man of Color,Latino,0,,Play,
2010-2011,A Free Man of Color,Other,0,,Play,
2010-2011,A Life in the Theatre,African American,0,,Play,
2010-2011,A Life in the Theatre,Asian American,0,,Play,
2010-2011,A Life in the Theatre,Caucasian,0,,Play,
2010-2011,A Life in the Theatre,Latino,0,,Play,
2010-2011,A Life in the Theatre,Other,0,,Play,
2010-2011,Anything Goes,African American,3,,Musical,
2010-2011,Anything Goes,Asian American,3,,Musical,
2010-2011,Anything Goes,Caucasian,24,,Musical,
2010-2011,Anything Goes,Latino,0,,Musical,
2010-2011,Anything Goes,Other,0,,Musical,
2010-2011,Arcadia,African American,0,,Play,
2010-2011,Arcadia,Asian American,1,,Play,
2010-2011,Arcadia,Caucasian,16,,Play,
2010-2011,Arcadia,Latino,0,,Play,
2010-2011,Arcadia,Other,0,,Play,
2010-2011,Baby It's You,African American,11,,Musical,
2010-2011,Baby It's You,Asian American,0,,Musical,
2010-2011,Baby It's You,Caucasian,8,,Musical,
2010-2011,Baby It's You,Latino,0,,Musical,
2010-2011,Baby It's You,Other,0,,Musical,
2010-2011,Bengal Tiger,African American,1,,Play,
2010-2011,Bengal Tiger,Asian American,0,,Play,
2010-2011,Bengal Tiger,Caucasian,4,,Play,
2010-2011,Bengal Tiger,Latino,0,,Play,
2010-2011,Bengal Tiger,Other,6,,Play,
2010-2011,Bloody Bloody Andrew Jackson,African American,0,,Musical,
2010-2011,Bloody Bloody Andrew Jackson,Asian American,0,,Musical,
2010-2011,Bloody Bloody Andrew Jackson,Caucasian,20,,Musical,
2010-2011,Bloody Bloody Andrew Jackson,Latino,3,,Musical,
2010-2011,Bloody Bloody Andrew Jackson,Other,0,,Musical,
2010-2011,Born Yesterday,African American,0,,Play,
2010-2011,Born Yesterday,Asian American,0,,Play,
2010-2011,Born Yesterday,Caucasian,14,,Play,
2010-2011,Born Yesterday,Latino,0,,Play,
2010-2011,Born Yesterday,Other,0,,Play,
2010-2011,Brief Encounter,African American,0,,Play,
2010-2011,Brief Encounter,Asian American,0,,Play,
2010-2011,Brief Encounter,Caucasian,9,,Play,
2010-2011,Brief Encounter,Latino,0,,Play,
2010-2011,Brief Encounter,Other,0,,Play,
2010-2011,Catch Me If You Can,African American,6,,Musical,
2010-2011,Catch Me If You Can,Asian American,0,,Musical,
2010-2011,Catch Me If You Can,Caucasian,24,,Musical,
2010-2011,Catch Me If You Can,Latino,1,,Musical,
2010-2011,Catch Me If You Can,Other,0,,Musical,
2010-2011,Colin Quinn Long Story Short,African American,0,,Play,
2010-2011,Colin Quinn Long Story Short,Asian American,0,,Play,
2010-2011,Colin Quinn Long Story Short,Caucasian,1,,Play,
2010-2011,Colin Quinn Long Story Short,Latino,0,,Play,
2010-2011,Colin Quinn Long Story Short,Other,0,,Play,
2010-2011,Driving Miss Daisy,African American,2,,Play,
2010-2011,Driving Miss Daisy,Asian American,0,,Play,
2010-2011,Driving Miss Daisy,Caucasian,4,,Play,
2010-2011,Driving Miss Daisy,Latino,0,,Play,
2010-2011,Driving Miss Daisy,Other,0,,Play,
2010-2011,Elf,African American,0,,Musical,
2010-2011,Elf,Asian American,0,,Musical,
2010-2011,Elf,Caucasian,22,,Musical,
2010-2011,Elf,Latino,0,,Musical,
2010-2011,Elf,Other,0,,Musical,
2010-2011,Elling,African American,0,,Play,
2010-2011,Elling,Asian American,0,,Play,
2010-2011,Elling,Caucasian,8,,Play,
2010-2011,Elling,Latino,0,,Play,
2010-2011,Elling,Other,0,,Play,
2010-2011,Ghetto Klown,African American,0,,Play,
2010-2011,Ghetto Klown,Asian American,0,,Play,
2010-2011,Ghetto Klown,Caucasian,0,,Play,
2010-2011,Ghetto Klown,Latino,1,,Play,
2010-2011,Ghetto Klown,Other,0,,Play,
2010-2011,Good People,African American,2,,Play,
2010-2011,Good People,Asian American,0,,Play,
2010-2011,Good People,Caucasian,8,,Play,
2010-2011,Good People,Latino,0,,Play,
2010-2011,Good People,Other,0,,Play,
2010-2011,High,African American,0,,Musical,
2010-2011,High,Asian American,0,,Musical,
2010-2011,High,Caucasian,6,,Musical,
2010-2011,High,Latino,0,,Musical,
2010-2011,High,Other,0,,Musical,
2010-2011,How to Succeed,African American,2,,Musical,
2010-2011,How to Succeed,Asian American,0,,Musical,
2010-2011,How to Succeed,Caucasian,27,,Musical,
2010-2011,How to Succeed,Latino,0,,Musical,
2010-2011,How to Succeed,Other,0,,Musical,
2010-2011,Jerusalem,African American,0,,Play,
2010-2011,Jerusalem,Asian American,0,,Play,
2010-2011,Jerusalem,Caucasian,20,,Play,
2010-2011,Jerusalem,Latino,0,,Play,
2010-2011,Jerusalem,Other,0,,Play,
2010-2011,La Bete,African American,0,,Play,
2010-2011,La Bete,Asian American,1,,Play,
2010-2011,La Bete,Caucasian,11,,Play,
2010-2011,La Bete,Latino,0,,Play,
2010-2011,La Bete,Other,0,,Play,
2010-2011,Lombardi,African American,2,,Play,
2010-2011,Lombardi,Asian American,0,,Play,
2010-2011,Lombardi,Caucasian,8,,Play,
2010-2011,Lombardi,Latino,0,,Play,
2010-2011,Lombardi,Other,0,,Play,
2010-2011,Mrs. Warren's Profession,African American,0,,Play,
2010-2011,Mrs. Warren's Profession,Asian American,0,,Play,
2010-2011,Mrs. Warren's Profession,Caucasian,10,,Play,
2010-2011,Mrs. Warren's Profession,Latino,0,,Play,
2010-2011,Mrs. Warren's Profession,Other,0,,Play,
2010-2011,Priscilla Queen of the Desert,African American,6,,Musical,
2010-2011,Priscilla Queen of the Desert,Asian American,2,,Musical,
2010-2011,Priscilla Queen of the Desert,Caucasian,19,,Musical,
2010-2011,Priscilla Queen of the Desert,Latino,0,,Musical,
2010-2011,Priscilla Queen of the Desert,Other,0,,Musical,
2010-2011,Rain,African American,0,,Musical,
2010-2011,Rain,Asian American,0,,Musical,
2010-2011,Rain,Caucasian,4,,Musical,
2010-2011,Rain,Latino,0,,Musical,
2010-2011,Rain,Other,0,,Musical,
2010-2011,Sister Act,African American,9,,Musical,
2010-2011,Sister Act,Asian American,0,,Musical,
2010-2011,Sister Act,Caucasian,21,,Musical,
2010-2011,Sister Act,Latino,2,,Musical,
2010-2011,Sister Act,Other,0,,Musical,
2010-2011,That Championship Season,African American,0,,Play,
2010-2011,That Championship Season,Asian American,0,,Play,
2010-2011,That Championship Season,Caucasian,8,,Play,
2010-2011,That Championship Season,Latino,0,,Play,
2010-2011,That Championship Season,Other,0,,Play,
2010-2011,The Book of Mormon,African American,13,,Musical,
2010-2011,The Book of Mormon,Asian American,0,,Musical,
2010-2011,The Book of Mormon,Caucasian,14,,Musical,
2010-2011,The Book of Mormon,Latino,0,,Musical,
2010-2011,The Book of Mormon,Other,0,,Musical,
2010-2011,The House of Blue Leaves,African American,0,,Play,
2010-2011,The House of Blue Leaves,Asian American,0,,Play,
2010-2011,The House of Blue Leaves,Caucasian,14,,Play,
2010-2011,The House of Blue Leaves,Latino,0,,Play,
2010-2011,The House of Blue Leaves,Other,0,,Play,
2010-2011,The Importance of Being Earnest,African American,0,,Play,
2010-2011,The Importance of Being Earnest,Asian American,0,,Play,
2010-2011,The Importance of Being Earnest,Caucasian,13,,Play,
2010-2011,The Importance of Being Earnest,Latino,0,,Play,
2010-2011,The Importance of Being Earnest,Other,0,,Play,
2010-2011,The Merchant of Venice,African American,6,,Play,
2010-2011,The Merchant of Venice,Asian American,0,,Play,
2010-2011,The Merchant of Venice,Caucasian,25,,Play,
2010-2011,The Merchant of Venice,Latino,0,,Play,
2010-2011,The Merchant of Venice,Other,0,,Play,
2010-2011,The Motherfucker with the Hat,African American,2,,Play,
2010-2011,The Motherfucker with the Hat,Asian American,0,,Play,
2010-2011,The Motherfucker with the Hat,Caucasian,1,,Play,
2010-2011,The Motherfucker with the Hat,Latino,4,,Play,
2010-2011,The Motherfucker with the Hat,Other,0,,Play,
2010-2011,The Normal Heart,African American,0,,Play,
2010-2011,The Normal Heart,Asian American,0,,Play,
2010-2011,The Normal Heart,Caucasian,13,,Play,
2010-2011,The Normal Heart,Latino,0,,Play,
2010-2011,The Normal Heart,Other,0,,Play,
2010-2011,The Pee Wee Herman show,African American,0,,Play,
2010-2011,The Pee Wee Herman show,Asian American,0,,Play,
2010-2011,The Pee Wee Herman show,Caucasian,14,,Play,
2010-2011,The Pee Wee Herman show,Latino,0,,Play,
2010-2011,The Pee Wee Herman show,Other,0,,Play,
2010-2011,The People in the Picture,African American,2,,Musical,
2010-2011,The People in the Picture,Asian American,0,,Musical,
2010-2011,The People in the Picture,Caucasian,14,,Musical,
2010-2011,The People in the Picture,Latino,3,,Musical,
2010-2011,The People in the Picture,Other,0,,Musical,
2010-2011,The Pitment Painters,African American,0,,Play,
2010-2011,The Pitment Painters,Asian American,0,,Play,
2010-2011,The Pitment Painters,Caucasian,11,,Play,
2010-2011,The Pitment Painters,Latino,0,,Play,
2010-2011,The Pitment Painters,Other,0,,Play,
2010-2011,The Scottsboro Boys,African American,16,,Musical,
2010-2011,The Scottsboro Boys,Asian American,0,,Musical,
2010-2011,The Scottsboro Boys,Caucasian,1,,Musical,
2010-2011,The Scottsboro Boys,Latino,0,,Musical,
2010-2011,The Scottsboro Boys,Other,0,,Musical,
2010-2011,Time Stands Still,African American,0,,Play,
2010-2011,Time Stands Still,Asian American,0,,Play,
2010-2011,Time Stands Still,Caucasian,6,,Play,
2010-2011,Time Stands Still,Latino,0,,Play,
2010-2011,Time Stands Still,Other,0,,Play,
2010-2011,War Horse,African American,4,,Play,
2010-2011,War Horse,Asian American,5,,Play,
2010-2011,War Horse,Caucasian,24,,Play,
2010-2011,War Horse,Latino,2,,Play,
2010-2011,War Horse,Other,0,,Play,
2010-2011,Women on the Verge,African American,4,,Musical,
2010-2011,Women on the Verge,Asian American,0,,Musical,
2010-2011,Women on the Verge,Caucasian,14,,Musical,
2010-2011,Women on the Verge,Latino,7,,Musical,
2010-2011,Women on the Verge,Other,0,,Musical,
2010-2011,Wonderland,African American,4,,Musical,
2010-2011,Wonderland,Asian American,2,,Musical,
2010-2011,Wonderland,Caucasian,16,,Musical,
2010-2011,Wonderland,Latino,5,,Musical,
2010-2011,Wonderland,Other,0,,Musical,
2011-2012,A Streetcar Named Desire,African American,11,,Play,
2011-2012,A Streetcar Named Desire,Asian American,0,,Play,
2011-2012,A Streetcar Named Desire,Caucasian,2,,Play,
2011-2012,A Streetcar Named Desire,Latino,3,,Play,
2011-2012,A Streetcar Named Desire,Other,0,,Play,
2011-2012,An Evening with Patti Lupone and Mady Patinkin,African American,0,,Musical,
2011-2012,An Evening with Patti Lupone and Mady Patinkin,Asian American,0,,Musical,
2011-2012,An Evening with Patti Lupone and Mady Patinkin,Caucasian,2,,Musical,
2011-2012,An Evening with Patti Lupone and Mady Patinkin,Latino,0,,Musical,
2011-2012,An Evening with Patti Lupone and Mady Patinkin,Other,0,,Musical,
2011-2012,Anything Goes,African American,2,,Musical,
2011-2012,Anything Goes,Asian American,0,,Musical,
2011-2012,Anything Goes,Caucasian,22,,Musical,
2011-2012,Anything Goes,Latino,0,,Musical,
2011-2012,Anything Goes,Other,0,,Musical,
2011-2012,Bonnie and Clyde,African American,0,,Musical,
2011-2012,Bonnie and Clyde,Asian American,0,,Musical,
2011-2012,Bonnie and Clyde,Caucasian,25,,Musical,
2011-2012,Bonnie and Clyde,Latino,0,,Musical,
2011-2012,Bonnie and Clyde,Other,0,,Musical,
2011-2012,Chinglish,African American,0,,Play,
2011-2012,Chinglish,Asian American,7,,Play,
2011-2012,Chinglish,Caucasian,3,,Play,
2011-2012,Chinglish,Latino,0,,Play,
2011-2012,Chinglish,Other,0,,Play,
2011-2012,Clybourne Park,African American,4,,Play,
2011-2012,Clybourne Park,Asian American,0,,Play,
2011-2012,Clybourne Park,Caucasian,9,,Play,
2011-2012,Clybourne Park,Latino,0,,Play,
2011-2012,Clybourne Park,Other,0,,Play,
2011-2012,Death of a Salesman,African American,0,,Play,
2011-2012,Death of a Salesman,Asian American,0,,Play,
2011-2012,Death of a Salesman,Caucasian,17,,Play,
2011-2012,Death of a Salesman,Latino,0,,Play,
2011-2012,Death of a Salesman,Other,0,,Play,
2011-2012,Don't Dress for Dinner,African American,1,,Play,
2011-2012,Don't Dress for Dinner,Asian American,0,,Play,
2011-2012,Don't Dress for Dinner,Caucasian,8,,Play,
2011-2012,Don't Dress for Dinner,Latino,0,,Play,
2011-2012,Don't Dress for Dinner,Other,0,,Play,
2011-2012,End of the Rainbow,African American,0,,Play,
2011-2012,End of the Rainbow,Asian American,0,,Play,
2011-2012,End of the Rainbow,Caucasian,7,,Play,
2011-2012,End of the Rainbow,Latino,0,,Play,
2011-2012,End of the Rainbow,Other,0,,Play,
2011-2012,Evita,African American,2,,Musical,
2011-2012,Evita,Asian American,0,,Musical,
2011-2012,Evita,Caucasian,34,,Musical,
2011-2012,Evita,Latino,3,,Musical,
2011-2012,Evita,Other,0,,Musical,
2011-2012,Follies,African American,4,,Musical,
2011-2012,Follies,Asian American,0,,Musical,
2011-2012,Follies,Caucasian,33,,Musical,
2011-2012,Follies,Latino,1,,Musical,
2011-2012,Follies,Other,0,,Musical,
2011-2012,Ghost The Musical,African American,9,,Musical,
2011-2012,Ghost The Musical,Asian American,0,,Musical,
2011-2012,Ghost The Musical,Caucasian,14,,Musical,
2011-2012,Ghost The Musical,Latino,3,,Musical,
2011-2012,Ghost The Musical,Other,0,,Musical,
2011-2012,Godspell,African American,6,,Musical,
2011-2012,Godspell,Asian American,2,,Musical,
2011-2012,Godspell,Caucasian,7,,Musical,
2011-2012,Godspell,Latino,2,,Musical,
2011-2012,Godspell,Other,0,,Musical,
2011-2012,Gore Vidal's The Best Man,African American,1,,Play,
2011-2012,Gore Vidal's The Best Man,Asian American,0,,Play,
2011-2012,Gore Vidal's The Best Man,Caucasian,24,,Play,
2011-2012,Gore Vidal's The Best Man,Latino,0,,Play,
2011-2012,Gore Vidal's The Best Man,Other,0,,Play,
2011-2012,Hair,African American,8,,Musical,
2011-2012,Hair,Asian American,3,,Musical,
2011-2012,Hair,Caucasian,15,,Musical,
2011-2012,Hair,Latino,0,,Musical,
2011-2012,Hair,Other,1,,Musical,
2011-2012,Harvey,African American,0,,Play,
2011-2012,Harvey,Asian American,0,,Play,
2011-2012,Harvey,Caucasian,15,,Play,
2011-2012,Harvey,Latino,0,,Play,
2011-2012,Harvey,Other,0,,Play,
2011-2012,How to Suceed in Business Without Really Trying,African American,0,,Musical,
2011-2012,How to Suceed in Business Without Really Trying,Asian American,0,,Musical,
2011-2012,How to Suceed in Business Without Really Trying,Caucasian,16,,Musical,
2011-2012,How to Suceed in Business Without Really Trying,Latino,0,,Musical,
2011-2012,How to Suceed in Business Without Really Trying,Other,0,,Musical,
2011-2012,"Hugh Jackman, Back on Broadway",African American,4,,Musical,
2011-2012,"Hugh Jackman, Back on Broadway",Asian American,0,,Musical,
2011-2012,"Hugh Jackman, Back on Broadway",Caucasian,7,,Musical,
2011-2012,"Hugh Jackman, Back on Broadway",Latino,0,,Musical,
2011-2012,"Hugh Jackman, Back on Broadway",Other,0,,Musical,
2011-2012,Jesus Christ Superstar,African American,6,,Musical,
2011-2012,Jesus Christ Superstar,Asian American,3,,Musical,
2011-2012,Jesus Christ Superstar,Caucasian,22,,Musical,
2011-2012,Jesus Christ Superstar,Latino,0,,Musical,
2011-2012,Jesus Christ Superstar,Other,0,,Musical,
2011-2012,Leap of Faith,African American,16,,Musical,
2011-2012,Leap of Faith,Asian American,1,,Musical,
2011-2012,Leap of Faith,Caucasian,14,,Musical,
2011-2012,Leap of Faith,Latino,2,,Musical,
2011-2012,Leap of Faith,Other,0,,Musical,
2011-2012,Lysistrata Jones,African American,4,,Musical,
2011-2012,Lysistrata Jones,Asian American,2,,Musical,
2011-2012,Lysistrata Jones,Caucasian,8,,Musical,
2011-2012,Lysistrata Jones,Latino,3,,Musical,
2011-2012,Lysistrata Jones,Other,0,,Musical,
2011-2012,Magic/Bird,African American,4,,Play,
2011-2012,Magic/Bird,Asian American,0,,Play,
2011-2012,Magic/Bird,Caucasian,4,,Play,
2011-2012,Magic/Bird,Latino,0,,Play,
2011-2012,Magic/Bird,Other,0,,Play,
2011-2012,Man and Boy,African American,0,,Play,
2011-2012,Man and Boy,Asian American,0,,Play,
2011-2012,Man and Boy,Caucasian,10,,Play,
2011-2012,Man and Boy,Latino,0,,Play,
2011-2012,Man and Boy,Other,0,,Play,
2011-2012,Master Class,African American,0,,Play,
2011-2012,Master Class,Asian American,0,,Play,
2011-2012,Master Class,Caucasian,10,,Play,
2011-2012,Master Class,Latino,0,,Play,
2011-2012,Master Class,Other,0,,Play,
2011-2012,Newsies The Musical,African American,2,,Musical,
2011-2012,Newsies The Musical,Asian American,2,,Musical,
2011-2012,Newsies The Musical,Caucasian,29,,Musical,
2011-2012,Newsies The Musical,Latino,0,,Musical,
2011-2012,Newsies The Musical,Other,0,,Musical,
2011-2012,Nice Work If You Can Get It,African American,5,,Musical,
2011-2012,Nice Work If You Can Get It,Asian American,0,,Musical,
2011-2012,Nice Work If You Can Get It,Caucasian,26,,Musical,
2011-2012,Nice Work If You Can Get It,Latino,0,,Musical,
2011-2012,Nice Work If You Can Get It,Other,0,,Musical,
2011-2012,On a Clear Day You Can See Forever,African American,1,,Musical,
2011-2012,On a Clear Day You Can See Forever,Asian American,0,,Musical,
2011-2012,On a Clear Day You Can See Forever,Caucasian,20,,Musical,
2011-2012,On a Clear Day You Can See Forever,Latino,0,,Musical,
2011-2012,On a Clear Day You Can See Forever,Other,0,,Musical,
2011-2012,Once,African American,0,,Musical,
2011-2012,Once,Asian American,0,,Musical,
2011-2012,Once,Caucasian,20,,Musical,
2011-2012,Once,Latino,0,,Musical,
2011-2012,Once,Other,0,,Musical,
2011-2012,"One Man, Two Guvnors",African American,2,,Play,
2011-2012,"One Man, Two Guvnors",Asian American,0,,Play,
2011-2012,"One Man, Two Guvnors",Caucasian,19,,Play,
2011-2012,"One Man, Two Guvnors",Latino,1,,Play,
2011-2012,"One Man, Two Guvnors",Other,0,,Play,
2011-2012,Other Desert Cities,African American,0,,Play,
2011-2012,Other Desert Cities,Asian American,0,,Play,
2011-2012,Other Desert Cities,Caucasian,15,,Play,
2011-2012,Other Desert Cities,Latino,0,,Play,
2011-2012,Other Desert Cities,Other,0,,Play,
2011-2012,Peter and the Starcatcher,African American,1,,Play,
2011-2012,Peter and the Starcatcher,Asian American,1,,Play,
2011-2012,Peter and the Starcatcher,Caucasian,14,,Play,
2011-2012,Peter and the Starcatcher,Latino,1,,Play,
2011-2012,Peter and the Starcatcher,Other,0,,Play,
2011-2012,Priscilla Queen of the Desert,African American,1,,Musical,
2011-2012,Priscilla Queen of the Desert,Asian American,0,,Musical,
2011-2012,Priscilla Queen of the Desert,Caucasian,9,,Musical,
2011-2012,Priscilla Queen of the Desert,Latino,0,,Musical,
2011-2012,Priscilla Queen of the Desert,Other,0,,Musical,
2011-2012,Private Lives,African American,0,,Play,
2011-2012,Private Lives,Asian American,0,,Play,
2011-2012,Private Lives,Caucasian,7,,Play,
2011-2012,Private Lives,Latino,0,,Play,
2011-2012,Private Lives,Other,0,,Play,
2011-2012,Relatively Speaking,African American,0,,Play,
2011-2012,Relatively Speaking,Asian American,0,,Play,
2011-2012,Relatively Speaking,Caucasian,11,,Play,
2011-2012,Relatively Speaking,Latino,0,,Play,
2011-2012,Relatively Speaking,Other,0,,Play,
2011-2012,Seminar,African American,0,,Play,
2011-2012,Seminar,Asian American,1,,Play,
2011-2012,Seminar,Caucasian,9,,Play,
2011-2012,Seminar,Latino,1,,Play,
2011-2012,Seminar,Other,0,,Play,
2011-2012,Shatner's World: We Just Live in It,African American,0,,Play,
2011-2012,Shatner's World: We Just Live in It,Asian American,0,,Play,
2011-2012,Shatner's World: We Just Live in It,Caucasian,1,,Play,
2011-2012,Shatner's World: We Just Live in It,Latino,0,,Play,
2011-2012,Shatner's World: We Just Live in It,Other,0,,Play,
2011-2012,Sister Act,African American,5,,Musical,
2011-2012,Sister Act,Asian American,0,,Musical,
2011-2012,Sister Act,Caucasian,6,,Musical,
2011-2012,Sister Act,Latino,0,,Musical,
2011-2012,Sister Act,Other,0,,Musical,
2011-2012,Spider-Man: Turn Off The Dark,African American,10,,Musical,
2011-2012,Spider-Man: Turn Off The Dark,Asian American,5,,Musical,
2011-2012,Spider-Man: Turn Off The Dark,Caucasian,47,,Musical,
2011-2012,Spider-Man: Turn Off The Dark,Latino,0,,Musical,
2011-2012,Spider-Man: Turn Off The Dark,Other,0,,Musical,
2011-2012,Stick Fly,African American,8,,Play,
2011-2012,Stick Fly,Asian American,0,,Play,
2011-2012,Stick Fly,Caucasian,2,,Play,
2011-2012,Stick Fly,Latino,0,,Play,
2011-2012,Stick Fly,Other,0,,Play,
2011-2012,The Book of Mormon,African American,6,,Musical,
2011-2012,The Book of Mormon,Asian American,0,,Musical,
2011-2012,The Book of Mormon,Caucasian,3,,Musical,
2011-2012,The Book of Mormon,Latino,0,,Musical,
2011-2012,The Book of Mormon,Other,0,,Musical,
2011-2012,The Columnist,African American,0,,Play,
2011-2012,The Columnist,Asian American,0,,Play,
2011-2012,The Columnist,Caucasian,12,,Play,
2011-2012,The Columnist,Latino,0,,Play,
2011-2012,The Columnist,Other,0,,Play,
2011-2012,The Gershwin's Porgy and Bess,African American,25,,Musical,
2011-2012,The Gershwin's Porgy and Bess,Asian American,0,,Musical,
2011-2012,The Gershwin's Porgy and Bess,Caucasian,2,,Musical,
2011-2012,The Gershwin's Porgy and Bess,Latino,0,,Musical,
2011-2012,The Gershwin's Porgy and Bess,Other,0,,Musical,
2011-2012,The Lyons,African American,1,,Play,
2011-2012,The Lyons,Asian American,0,,Play,
2011-2012,The Lyons,Caucasian,10,,Play,
2011-2012,The Lyons,Latino,0,,Play,
2011-2012,The Lyons,Other,0,,Play,
2011-2012,The Mountaintop,African American,4,,Play,
2011-2012,The Mountaintop,Asian American,0,,Play,
2011-2012,The Mountaintop,Caucasian,0,,Play,
2011-2012,The Mountaintop,Latino,0,,Play,
2011-2012,The Mountaintop,Other,0,,Play,
2011-2012,The Road to Mecca,African American,0,,Play,
2011-2012,The Road to Mecca,Asian American,0,,Play,
2011-2012,The Road to Mecca,Caucasian,6,,Play,
2011-2012,The Road to Mecca,Latino,0,,Play,
2011-2012,The Road to Mecca,Other,0,,Play,
2011-2012,Venus In Fur,African American,0,,Play,
2011-2012,Venus In Fur,Asian American,0,,Play,
2011-2012,Venus In Fur,Caucasian,5,,Play,
2011-2012,Venus In Fur,Latino,0,,Play,
2011-2012,Venus In Fur,Other,0,,Play,
2011-2012,War Horse,African American,0,,Musical,
2011-2012,War Horse,Asian American,1,,Musical,
2011-2012,War Horse,Caucasian,20,,Musical,
2011-2012,War Horse,Latino,0,,Musical,
2011-2012,War Horse,Other,0,,Musical,
2011-2012,Wit,African American,2,,Play,
2011-2012,Wit,Asian American,1,,Play,
2011-2012,Wit,Caucasian,8,,Play,
2011-2012,Wit,Latino,1,,Play,
2011-2012,Wit,Other,0,,Play,
2012-2013,Chaplin,Caucasian,21,Ethel Barrymore Theatre,Musical,
2012-2013,Chaplin,African American,3,Ethel Barrymore Theatre,Musical,
2012-2013,Chaplin,Latino,2,Ethel Barrymore Theatre,Musical,
2012-2013,Chaplin,Asian American,0,Ethel Barrymore Theatre,Musical,
2012-2013,Chaplin,Other,0,Ethel Barrymore Theatre,Musical,
2012-2013,Fela,Caucasian,0,Al Hirschfeld Theatre,Musical,
2012-2013,Fela,African American,15,Al Hirschfeld Theatre,Musical,
2012-2013,Fela,Latino,0,Al Hirschfeld Theatre,Musical,
2012-2013,Fela,Asian American,0,Al Hirschfeld Theatre,Musical,
2012-2013,Fela,Other,0,Al Hirschfeld Theatre,Musical,
2012-2013,A Christmas Story,Caucasian,28,Lunt Fontanne Theatre,Musical,
2012-2013,A Christmas Story,African American,1,Lunt Fontanne Theatre,Musical,
2012-2013,A Christmas Story,Latino,3,Lunt Fontanne Theatre,Musical,
2012-2013,A Christmas Story,Asian American,2,Lunt Fontanne Theatre,Musical,
2012-2013,A Christmas Story,Other,0,Lunt Fontanne Theatre,Musical,
2012-2013,Scandalous,Caucasian,19,Neil Simon Theatre,Musical,
2012-2013,Scandalous,African American,3,Neil Simon Theatre,Musical,
2012-2013,Scandalous,Latino,1,Neil Simon Theatre,Musical,
2012-2013,Scandalous,Asian American,0,Neil Simon Theatre,Musical,
2012-2013,Scandalous,Other,0,Neil Simon Theatre,Musical,
2012-2013,Bring It On,Caucasian,26,St. James Theatre,Musical,
2012-2013,Bring It On,African American,10,St. James Theatre,Musical,
2012-2013,Bring It On,Latino,2,St. James Theatre,Musical,
2012-2013,Bring It On,Asian American,1,St. James Theatre,Musical,
2012-2013,Bring It On,Other,0,St. James Theatre,Musical,
2012-2013,The Mystery of Edwin Drood,Caucasian,23,Studio 54,Musical,
2012-2013,The Mystery of Edwin Drood,African American,0,Studio 54,Musical,
2012-2013,The Mystery of Edwin Drood,Latino,1,Studio 54,Musical,
2012-2013,The Mystery of Edwin Drood,Asian American,0,Studio 54,Musical,
2012-2013,The Mystery of Edwin Drood,Other,0,Studio 54,Musical,
2012-2013,Annie,Caucasian,39,Palace Theatre,Musical,
2012-2013,Annie,African American,3,Palace Theatre,Musical,
2012-2013,Annie,Latino,2,Palace Theatre,Musical,
2012-2013,Annie,Asian American,3,Palace Theatre,Musical,
2012-2013,Annie,Other,0,Palace Theatre,Musical,
2012-2013,Hands on a Hardbody,Caucasian,18,Brooks Atkinson Theater,Musical,
2012-2013,Hands on a Hardbody,African American,2,Brooks Atkinson Theater,Musical,
2012-2013,Hands on a Hardbody,Latino,2,Brooks Atkinson Theater,Musical,
2012-2013,Hands on a Hardbody,Asian American,1,Brooks Atkinson Theater,Musical,
2012-2013,Hands on a Hardbody,Other,0,Brooks Atkinson Theater,Musical,
2012-2013,Elf,Caucasian,24,Al Hirschfeld Theatre,Musical,
2012-2013,Elf,African American,3,Al Hirschfeld Theatre,Musical,
2012-2013,Elf,Latino,0,Al Hirschfeld Theatre,Musical,
2012-2013,Elf,Asian American,1,Al Hirschfeld Theatre,Musical,
2012-2013,Elf,Other,0,Al Hirschfeld Theatre,Musical,
2012-2013,Kinky Boots,Caucasian,38,Al Hirschfeld Theatre,Musical,
2012-2013,Kinky Boots,African American,10,Al Hirschfeld Theatre,Musical,
2012-2013,Kinky Boots,Latino,1,Al Hirschfeld Theatre,Musical,
2012-2013,Kinky Boots,Asian American,1,Al Hirschfeld Theatre,Musical,
2012-2013,Kinky Boots,Other,0,Al Hirschfeld Theatre,Musical,
2012-2013,Matilda,Caucasian,30,Shubert Theatre,Musical,
2012-2013,Matilda,African American,4,Shubert Theatre,Musical,
2012-2013,Matilda,Latino,1,Shubert Theatre,Musical,
2012-2013,Matilda,Asian American,2,Shubert Theatre,Musical,
2012-2013,Matilda,Other,0,Shubert Theatre,Musical,
2012-2013,Cinderella,Caucasian,24,The Broadway Theatre,Musical,
2012-2013,Cinderella,African American,3,The Broadway Theatre,Musical,
2012-2013,Cinderella,Latino,0,The Broadway Theatre,Musical,
2012-2013,Cinderella,Asian American,2,The Broadway Theatre,Musical,
2012-2013,Cinderella,Other,0,The Broadway Theatre,Musical,
2012-2013,Jekyll and Hyde,Caucasian,19,Marquis Theatre,Musical,
2012-2013,Jekyll and Hyde,African American,4,Marquis Theatre,Musical,
2012-2013,Jekyll and Hyde,Latino,0,Marquis Theatre,Musical,
2012-2013,Jekyll and Hyde,Asian American,0,Marquis Theatre,Musical,
2012-2013,Jekyll and Hyde,Other,0,Marquis Theatre,Musical,
2012-2013,Motown,Caucasian,7,Lunt Fontanne Theatre,Musical,
2012-2013,Motown,African American,35,Lunt Fontanne Theatre,Musical,
2012-2013,Motown,Latino,0,Lunt Fontanne Theatre,Musical,
2012-2013,Motown,Asian American,0,Lunt Fontanne Theatre,Musical,
2012-2013,Motown,Other,0,Lunt Fontanne Theatre,Musical,
2012-2013,Pippin,Caucasian,22,Music Box Theatre,Musical,
2012-2013,Pippin,African American,3,Music Box Theatre,Musical,
2012-2013,Pippin,Latino,0,Music Box Theatre,Musical,
2012-2013,Pippin,Asian American,0,Music Box Theatre,Musical,
2012-2013,Pippin,Other,0,Music Box Theatre,Musical,
2012-2013,Cyrano de Bergerac,Caucasian,17,American Airlines Theatre,Play,
2012-2013,Cyrano de Bergerac,African American,1,American Airlines Theatre,Play,
2012-2013,Cyrano de Bergerac,Latino,0,American Airlines Theatre,Play,
2012-2013,Cyrano de Bergerac,Asian American,0,American Airlines Theatre,Play,
2012-2013,Cyrano de Bergerac,Other,0,American Airlines Theatre,Play,
2012-2013,An Enemy of the People by Henrik,Caucasian,14,Samuel J. Friedman Theater,Play,
2012-2013,An Enemy of the People by Henrik,African American,0,Samuel J. Friedman Theater,Play,
2012-2013,An Enemy of the People by Henrik,Latino,0,Samuel J. Friedman Theater,Play,
2012-2013,An Enemy of the People by Henrik,Asian American,0,Samuel J. Friedman Theater,Play,
2012-2013,An Enemy of the People by Henrik,Other,0,Samuel J. Friedman Theater,Play,
2012-2013,The Performers,Caucasian,8,Longacre Theatre,Play,
2012-2013,The Performers,African American,1,Longacre Theatre,Play,
2012-2013,The Performers,Latino,0,Longacre Theatre,Play,
2012-2013,The Performers,Asian American,0,Longacre Theatre,Play,
2012-2013,The Performers,Other,1,Longacre Theatre,Play,
2012-2013,Glengarry Glen Ross,Caucasian,8,Gerald Schoenfeld Theatre,Play,
2012-2013,Glengarry Glen Ross,African American,0,Gerald Schoenfeld Theatre,Play,
2012-2013,Glengarry Glen Ross,Latino,1,Gerald Schoenfeld Theatre,Play,
2012-2013,Glengarry Glen Ross,Asian American,0,Gerald Schoenfeld Theatre,Play,
2012-2013,Glengarry Glen Ross,Other,0,Gerald Schoenfeld Theatre,Play,
2012-2013,Cat on a Hot Tin Roof,Caucasian,18,Richard Rodgers Theatre,Play,
2012-2013,Cat on a Hot Tin Roof,African American,4,Richard Rodgers Theatre,Play,
2012-2013,Cat on a Hot Tin Roof,Latino,0,Richard Rodgers Theatre,Play,
2012-2013,Cat on a Hot Tin Roof,Asian American,0,Richard Rodgers Theatre,Play,
2012-2013,Cat on a Hot Tin Roof,Other,0,Richard Rodgers Theatre,Play,
2012-2013,Golden Boy,Caucasian,19,Belasco Theatre (Lincoln Center),Play,
2012-2013,Golden Boy,African American,0,Belasco Theatre (Lincoln Center),Play,
2012-2013,Golden Boy,Latino,2,Belasco Theatre (Lincoln Center),Play,
2012-2013,Golden Boy,Asian American,0,Belasco Theatre (Lincoln Center),Play,
2012-2013,Golden Boy,Other,1,Belasco Theatre (Lincoln Center),Play,
2012-2013,The Nance,Caucasian,12,Lyceum Theatre (Lincoln Center),Play,
2012-2013,The Nance,African American,0,Lyceum Theatre (Lincoln Center),Play,
2012-2013,The Nance,Latino,1,Lyceum Theatre (Lincoln Center),Play,
2012-2013,The Nance,Asian American,0,Lyceum Theatre (Lincoln Center),Play,
2012-2013,The Nance,Other,0,Lyceum Theatre (Lincoln Center),Play,
2012-2013,Breakfast at Tiffany's,Caucasian,12,Cort Theatre,Play,
2012-2013,Breakfast at Tiffany's,African American,0,Cort Theatre,Play,
2012-2013,Breakfast at Tiffany's,Latino,1,Cort Theatre,Play,
2012-2013,Breakfast at Tiffany's,Asian American,2,Cort Theatre,Play,
2012-2013,Breakfast at Tiffany's,Other,0,Cort Theatre,Play,
2012-2013,Vanya & Sonia & Masha & Spike,Caucasian,9,Golden Theatre,Play,
2012-2013,Vanya & Sonia & Masha & Spike,African American,2,Golden Theatre,Play,
2012-2013,Vanya & Sonia & Masha & Spike,Latino,0,Golden Theatre,Play,
2012-2013,Vanya & Sonia & Masha & Spike,Asian American,0,Golden Theatre,Play,
2012-2013,Vanya & Sonia & Masha & Spike,Other,0,Golden Theatre,Play,
2012-2013,The Trip to Bountiful,Caucasian,0,Stephen Sondheim Theatre,Play,
2012-2013,The Trip to Bountiful,African American,10,Stephen Sondheim Theatre,Play,
2012-2013,The Trip to Bountiful,Latino,0,Stephen Sondheim Theatre,Play,
2012-2013,The Trip to Bountiful,Asian American,0,Stephen Sondheim Theatre,Play,
2012-2013,The Trip to Bountiful,Other,0,Stephen Sondheim Theatre,Play,
2012-2013,The Big Knife,Caucasian,14,American Airlines Theatre,Play,
2012-2013,The Big Knife,African American,1,American Airlines Theatre,Play,
2012-2013,The Big Knife,Latino,1,American Airlines Theatre,Play,
2012-2013,The Big Knife,Asian American,0,American Airlines Theatre,Play,
2012-2013,The Big Knife,Other,0,American Airlines Theatre,Play,
2012-2013,Lucky Guy,Caucasian,15,Broadhurst Theatre,Play,
2012-2013,Lucky Guy,African American,3,Broadhurst Theatre,Play,
2012-2013,Lucky Guy,Latino,0,Broadhurst Theatre,Play,
2012-2013,Lucky Guy,Asian American,0,Broadhurst Theatre,Play,
2012-2013,Lucky Guy,Other,0,Broadhurst Theatre,Play,
2012-2013,Harvey,Caucasian,15,Studio 54,Play,
2012-2013,Harvey,African American,0,Studio 54,Play,
2012-2013,Harvey,Latino,0,Studio 54,Play,
2012-2013,Harvey,Asian American,0,Studio 54,Play,
2012-2013,Harvey,Other,0,Studio 54,Play,
2012-2013,The Anarchist,Caucasian,3,Golden Theatre,Play,
2012-2013,The Anarchist,African American,0,Golden Theatre,Play,
2012-2013,The Anarchist,Latino,0,Golden Theatre,Play,
2012-2013,The Anarchist,Asian American,0,Golden Theatre,Play,
2012-2013,The Anarchist,Other,0,Golden Theatre,Play,
2012-2013,Dead Accounts,Caucasian,8,The Music Box,Play,
2012-2013,Dead Accounts,African American,0,Walter Kerr Theatre,Play,
2012-2013,Dead Accounts,Latino,0,Walter Kerr Theatre,Play,
2012-2013,Dead Accounts,Asian American,0,Walter Kerr Theatre,Play,
2012-2013,Dead Accounts,Other,0,Walter Kerr Theatre,Play,
2012-2013,The Heiress,Caucasian,11,Walter Kerr Theatre,Play,
2012-2013,The Heiress,African American,0,Walter Kerr Theatre,Play,
2012-2013,The Heiress,Latino,0,Walter Kerr Theatre,Play,
2012-2013,The Heiress,Asian American,0,Walter Kerr Theatre,Play,
2012-2013,The Heiress,Other,0,Walter Kerr Theatre,Play,
2012-2013,Who's Afraid of Virginia Woolf,Caucasian,8,Booth Theatre,Play,
2012-2013,Who's Afraid of Virginia Woolf,African American,0,Booth Theatre,Play,
2012-2013,Who's Afraid of Virginia Woolf,Latino,0,Booth Theatre,Play,
2012-2013,Who's Afraid of Virginia Woolf,Asian American,0,Booth Theatre,Play,
2012-2013,Who's Afraid of Virginia Woolf,Other,0,Booth Theatre,Play,
2012-2013,Grace,Caucasian,7,Cort Theatre,Play,
2012-2013,Grace,African American,0,Cort Theatre,Play,
2012-2013,Grace,Latino,0,Cort Theatre,Play,
2012-2013,Grace,Asian American,0,Cort Theatre,Play,
2012-2013,Grace,Other,0,Cort Theatre,Play,
2012-2013,Picnic,Caucasian,15,American Airlines Theatre,Play,
2012-2013,Picnic,African American,0,American Airlines Theatre,Play,
2012-2013,Picnic,Latino,0,American Airlines Theatre,Play,
2012-2013,Picnic,Asian American,0,American Airlines Theatre,Play,
2012-2013,Picnic,Other,0,American Airlines Theatre,Play,
2012-2013,The Other Place by Sharr White,Caucasian,4,Samuel J. Friedman Theater,Play,
2012-2013,The Other Place by Sharr White,African American,0,Samuel J. Friedman Theater,Play,
2012-2013,The Other Place by Sharr White,Latino,0,Samuel J. Friedman Theater,Play,
2012-2013,The Other Place by Sharr White,Asian American,0,Samuel J. Friedman Theater,Play,
2012-2013,The Other Place by Sharr White,Other,0,Samuel J. Friedman Theater,Play,
2012-2013,Ann ,Caucasian,1,The Vivian Beaumont,Play,
2012-2013,Ann ,African American,0,The Vivian Beaumont,Play,
2012-2013,Ann ,Latino,0,The Vivian Beaumont,Play,
2012-2013,Ann ,Asian American,0,The Vivian Beaumont,Play,
2012-2013,Ann ,Other,0,The Vivian Beaumont,Play,
2012-2013,The Testament of Mary,Caucasian,1,Walter Kerr Theatre,Play,
2012-2013,The Testament of Mary,African American,0,Walter Kerr Theatre,Play,
2012-2013,The Testament of Mary,Latino,0,Walter Kerr Theatre,Play,
2012-2013,The Testament of Mary,Asian American,0,Walter Kerr Theatre,Play,
2012-2013,The Testament of Mary,Other,0,Walter Kerr Theatre,Play,
2012-2013,The Assembled Parties,Caucasian,12,Samuel J. Friedman Theater,Play,
2012-2013,The Assembled Parties,African American,0,Samuel J. Friedman Theater,Play,
2012-2013,The Assembled Parties,Latino,0,Samuel J. Friedman Theater,Play,
2012-2013,The Assembled Parties,Asian American,0,Samuel J. Friedman Theater,Play,
2012-2013,The Assembled Parties,Other,0,Samuel J. Friedman Theater,Play,
2012-2013,Macbeth,Caucasian,4,Ethel Barrymore Theatre,Play,
2012-2013,Macbeth,African American,0,Ethel Barrymore Theatre,Play,
2012-2013,Macbeth,Latino,0,Ethel Barrymore Theatre,Play,
2012-2013,Macbeth,Asian American,0,Ethel Barrymore Theatre,Play,
2012-2013,Macbeth,Other,0,Ethel Barrymore Theatre,Play,
2012-2013,Orphans,Caucasian,6,Gerald Schoenfeld Theatre,Play,
2012-2013,Orphans,African American,0,Gerald Schoenfeld Theatre,Play,
2012-2013,Orphans,Latino,0,Gerald Schoenfeld Theatre,Play,
2012-2013,Orphans,Asian American,0,Gerald Schoenfeld Theatre,Play,
2012-2013,Orphans,Other,0,Gerald Schoenfeld Theatre,Play,
2012-2013,I'll Eat You Last,Caucasian,1,Booth Theatre,Play,
2012-2013,I'll Eat You Last,African American,0,Booth Theatre,Play,
2012-2013,I'll Eat You Last,Latino,0,Booth Theatre,Play,
2012-2013,I'll Eat You Last,Asian American,0,Booth Theatre,Play,
2012-2013,I'll Eat You Last,Other,0,Booth Theatre,Play,
2013-2014,A Time To Kill ,Caucasian,12,Golden Theatre,Play,
2013-2014,A Time To Kill ,African American,5,Golden Theatre,Play,
2013-2014,A Time To Kill ,Latino,0,Golden Theatre,Play,
2013-2014,A Time To Kill ,Asian American,0,Golden Theatre,Play,
2013-2014,A Time To Kill ,Other,0,Golden Theatre,Play,
2013-2014,Romeo And Juliet,Caucasian,12,Richard Rodgers Theatre,Play,
2013-2014,Romeo And Juliet,African American,11,Richard Rodgers Theatre,Play,
2013-2014,Romeo And Juliet,Latino,0,Richard Rodgers Theatre,Play,
2013-2014,Romeo And Juliet,Asian American,0,Richard Rodgers Theatre,Play,
2013-2014,Romeo And Juliet,Other,0,Richard Rodgers Theatre,Play,
2013-2014,Twelfth Night / Richard The Third,Caucasian,17,Belasco Theatre (Lincoln Center),Play,
2013-2014,Twelfth Night / Richard The Third,African American,1,Belasco Theatre (Lincoln Center),Play,
2013-2014,Twelfth Night / Richard The Third,Latino,0,Belasco Theatre (Lincoln Center),Play,
2013-2014,Twelfth Night / Richard The Third,Asian American,0,Belasco Theatre (Lincoln Center),Play,
2013-2014,Twelfth Night / Richard The Third,Other,1,Belasco Theatre (Lincoln Center),Play,
2013-2014,Bronx Bombers,Caucasian,10,Circle In The Square,Play,
2013-2014,Bronx Bombers,African American,3,Circle In The Square,Play,
2013-2014,Bronx Bombers,Latino,0,Circle In The Square,Play,
2013-2014,Bronx Bombers,Asian American,0,Circle In The Square,Play,
2013-2014,Bronx Bombers,Other,0,Circle In The Square,Play,
2013-2014,Lady Day At Emerson's Bar And Grill ,Caucasian,0,Circle In The Square,Play,
2013-2014,Lady Day At Emerson's Bar And Grill ,African American,2,Circle In The Square,Play,
2013-2014,Lady Day At Emerson's Bar And Grill ,Latino,0,Circle In The Square,Play,
2013-2014,Lady Day At Emerson's Bar And Grill ,Asian American,0,Circle In The Square,Play,
2013-2014,Lady Day At Emerson's Bar And Grill ,Other,0,Circle In The Square,Play,
2013-2014,A Raisin In The Sun,Caucasian,2,Ethel Barrymore Theatre,Play,
2013-2014,A Raisin In The Sun,African American,15,Ethel Barrymore Theatre,Play,
2013-2014,A Raisin In The Sun,Latino,0,Ethel Barrymore Theatre,Play,
2013-2014,A Raisin In The Sun,Asian American,0,Ethel Barrymore Theatre,Play,
2013-2014,A Raisin In The Sun,Other,0,Ethel Barrymore Theatre,Play,
2013-2014,All The Way,Caucasian,16,Neil Simon Theatre,Play,
2013-2014,All The Way,African American,8,Neil Simon Theatre,Play,
2013-2014,All The Way,Latino,0,Neil Simon Theatre,Play,
2013-2014,All The Way,Asian American,0,Neil Simon Theatre,Play,
2013-2014,All The Way,Other,0,Neil Simon Theatre,Play,
2013-2014,Of Mice and Men,Caucasian,12,Longacre Theatre,Play,
2013-2014,Of Mice and Men,African American,2,Longacre Theatre,Play,
2013-2014,Of Mice and Men,Latino,0,Longacre Theatre,Play,
2013-2014,Of Mice and Men,Asian American,0,Longacre Theatre,Play,
2013-2014,Of Mice and Men,Other,0,Longacre Theatre,Play,
2013-2014,Betrayal,Caucasian,7,Ethel Barrymore Theatre,Play,
2013-2014,Betrayal,African American,0,Ethel Barrymore Theatre,Play,
2013-2014,Betrayal,Latino,0,Ethel Barrymore Theatre,Play,
2013-2014,Betrayal,Asian American,0,Ethel Barrymore Theatre,Play,
2013-2014,Betrayal,Other,0,Ethel Barrymore Theatre,Play,
2013-2014,The glass Menagerie,Caucasian,7,Booth Theatre,Play,
2013-2014,The glass Menagerie,African American,0,Booth Theatre,Play,
2013-2014,The glass Menagerie,Latino,0,Booth Theatre,Play,
2013-2014,The glass Menagerie,Asian American,0,Booth Theatre,Play,
2013-2014,The glass Menagerie,Other,0,Booth Theatre,Play,
2013-2014,No Man's Land/Waiting for Godot,Caucasian,8,Cort Theatre,Play,
2013-2014,No Man's Land/Waiting for Godot,African American,0,Cort Theatre,Play,
2013-2014,No Man's Land/Waiting for Godot,Latino,0,Cort Theatre,Play,
2013-2014,No Man's Land/Waiting for Godot,Asian American,0,Cort Theatre,Play,
2013-2014,No Man's Land/Waiting for Godot,Other,0,Cort Theatre,Play,
2013-2014,Mothers And Sons,Caucasian,7,Golden Theatre,Play,
2013-2014,Mothers And Sons,African American,0,Golden Theatre,Play,
2013-2014,Mothers And Sons,Latino,0,Golden Theatre,Play,
2013-2014,Mothers And Sons,Asian American,0,Golden Theatre,Play,
2013-2014,Mothers And Sons,Other,0,Golden Theatre,Play,
2013-2014,The Velocity of Autumn,Caucasian,4,Booth Theatre,Play,
2013-2014,The Velocity of Autumn,African American,0,Booth Theatre,Play,
2013-2014,The Velocity of Autumn,Latino,0,Booth Theatre,Play,
2013-2014,The Velocity of Autumn,Asian American,0,Booth Theatre,Play,
2013-2014,The Velocity of Autumn,Other,0,Booth Theatre,Play,
2013-2014,The Cripple Of Inishmaan,Caucasian,13,Cort Theatre,Play,
2013-2014,The Cripple Of Inishmaan,African American,0,Cort Theatre,Play,
2013-2014,The Cripple Of Inishmaan,Latino,0,Cort Theatre,Play,
2013-2014,The Cripple Of Inishmaan,Asian American,0,Cort Theatre,Play,
2013-2014,The Cripple Of Inishmaan,Other,0,Cort Theatre,Play,
2013-2014,The Winslow Boy,Caucasian,11,American Airlines Theatre,Play,1
2013-2014,The Winslow Boy,African American,0,American Airlines Theatre,Play,1
2013-2014,The Winslow Boy,Latino,0,American Airlines Theatre,Play,1
2013-2014,The Winslow Boy,Asian American,0,American Airlines Theatre,Play,1
2013-2014,The Winslow Boy,Other,0,American Airlines Theatre,Play,1
2013-2014,Act One ,Caucasian,17,The Vivian Beaumont,Play,1
2013-2014,Act One ,African American,2,The Vivian Beaumont,Play,1
2013-2014,Act One ,Latino,1,The Vivian Beaumont,Play,1
2013-2014,Act One ,Asian American,0,The Vivian Beaumont,Play,1
2013-2014,Act One ,Other,1,The Vivian Beaumont,Play,1
2013-2014,Outside Mullingar ,Caucasian,4,Samuel J. Friedman Theater,Play,1
2013-2014,Outside Mullingar ,African American,0,Samuel J. Friedman Theater,Play,1
2013-2014,Outside Mullingar ,Latino,0,Samuel J. Friedman Theater,Play,1
2013-2014,Outside Mullingar ,Asian American,0,Samuel J. Friedman Theater,Play,1
2013-2014,Outside Mullingar ,Other,0,Samuel J. Friedman Theater,Play,1
2013-2014,The Snow Geese,Caucasian,7,Samuel J. Friedman Theater,Play,1
2013-2014,The Snow Geese,African American,0,Samuel J. Friedman Theater,Play,1
2013-2014,The Snow Geese,Latino,0,Samuel J. Friedman Theater,Play,1
2013-2014,The Snow Geese,Asian American,0,Samuel J. Friedman Theater,Play,1
2013-2014,The Snow Geese,Other,0,Samuel J. Friedman Theater,Play,1
2013-2014,Machinal ,Caucasian,16,American Airlines Theatre,Play,1
2013-2014,Machinal ,African American,1,American Airlines Theatre,Play,1
2013-2014,Machinal ,Latino,1,American Airlines Theatre,Play,1
2013-2014,Machinal ,Asian American,0,American Airlines Theatre,Play,1
2013-2014,Machinal ,Other,0,American Airlines Theatre,Play,1
2013-2014,Casa Valentina,Caucasian,9,Samuel J. Friedman Theater,Play,1
2013-2014,Casa Valentina,African American,0,Samuel J. Friedman Theater,Play,1
2013-2014,Casa Valentina,Latino,0,Samuel J. Friedman Theater,Play,1
2013-2014,Casa Valentina,Asian American,0,Samuel J. Friedman Theater,Play,1
2013-2014,Casa Valentina,Other,0,Samuel J. Friedman Theater,Play,1
2013-2014,The Realistic Joneses,Caucasian,6,Lyceum Theatre (Lincoln Center),Play,
2013-2014,The Realistic Joneses,African American,0,Lyceum Theatre (Lincoln Center),Play,
2013-2014,The Realistic Joneses,Latino,0,Lyceum Theatre (Lincoln Center),Play,
2013-2014,The Realistic Joneses,Asian American,0,Lyceum Theatre (Lincoln Center),Play,
2013-2014,The Realistic Joneses,Other,0,Lyceum Theatre (Lincoln Center),Play,
2013-2014,First Date,Caucasian,10,Longacre Theatre,Musical,
2013-2014,First Date,African American,0,Longacre Theatre,Musical,
2013-2014,First Date,Latino,1,Longacre Theatre,Musical,
2013-2014,First Date,Asian American,0,Longacre Theatre,Musical,
2013-2014,First Date,Other,0,Longacre Theatre,Musical,
2013-2014,Soul Doctor ,Caucasian,19,Circle In The Square,Musical,
2013-2014,Soul Doctor ,African American,4,Circle In The Square,Musical,
2013-2014,Soul Doctor ,Latino,0,Circle In The Square,Musical,
2013-2014,Soul Doctor ,Asian American,0,Circle In The Square,Musical,
2013-2014,Soul Doctor ,Other,0,Circle In The Square,Musical,
2013-2014,A Night With Janis Joplin,Caucasian,3,Lyceum Theatre (Lincoln Center),Musical,
2013-2014,A Night With Janis Joplin,African American,5,Lyceum Theatre (Lincoln Center),Musical,
2013-2014,A Night With Janis Joplin,Latino,0,Lyceum Theatre (Lincoln Center),Musical,
2013-2014,A Night With Janis Joplin,Asian American,0,Lyceum Theatre (Lincoln Center),Musical,
2013-2014,A Night With Janis Joplin,Other,0,Lyceum Theatre (Lincoln Center),Musical,
2013-2014,Big Fish,Caucasian,23,Neil Simon Theatre,Musical,
2013-2014,Big Fish,African American,3,Neil Simon Theatre,Musical,
2013-2014,Big Fish,Latino,0,Neil Simon Theatre,Musical,
2013-2014,Big Fish,Asian American,0,Neil Simon Theatre,Musical,
2013-2014,Big Fish,Other,1,Neil Simon Theatre,Musical,
2013-2014,After Midnight,Caucasian,0,Brooks Atkinson Theater,Musical,
2013-2014,After Midnight,African American,29,Brooks Atkinson Theater,Musical,
2013-2014,After Midnight,Latino,0,Brooks Atkinson Theater,Musical,
2013-2014,After Midnight,Asian American,0,Brooks Atkinson Theater,Musical,
2013-2014,After Midnight,Other,0,Brooks Atkinson Theater,Musical,
2013-2014,Rocky,Caucasian,21,Winter Garden Theatre,Musical,
2013-2014,Rocky,African American,9,Winter Garden Theatre,Musical,
2013-2014,Rocky,Latino,1,Winter Garden Theatre,Musical,
2013-2014,Rocky,Asian American,0,Winter Garden Theatre,Musical,
2013-2014,Rocky,Other,0,Winter Garden Theatre,Musical,
2013-2014,Aladdin,Caucasian,16,New Amsterdam Theatre,Musical,
2013-2014,Aladdin,African American,10,New Amsterdam Theatre,Musical,
2013-2014,Aladdin,Latino,2,New Amsterdam Theatre,Musical,
2013-2014,Aladdin,Asian American,7,New Amsterdam Theatre,Musical,
2013-2014,Aladdin,Other,0,New Amsterdam Theatre,Musical,
2013-2014,Beautiful,Caucasian,10,Pantages Theatre,Musical,
2013-2014,Beautiful,African American,8,Pantages Theatre,Musical,
2013-2014,Beautiful,Latino,0,Pantages Theatre,Musical,
2013-2014,Beautiful,Asian American,0,Pantages Theatre,Musical,
2013-2014,Beautiful,Other,0,Pantages Theatre,Musical,
2013-2014,If/Then,Caucasian,11,Richard Rodgers Theatre,Musical,
2013-2014,If/Then,African American,5,Richard Rodgers Theatre,Musical,
2013-2014,If/Then,Latino,1,Richard Rodgers Theatre,Musical,
2013-2014,If/Then,Asian American,4,Richard Rodgers Theatre,Musical,
2013-2014,If/Then,Other,0,Richard Rodgers Theatre,Musical,
2013-2014,Bullets Over Broadway,Caucasian,32,St. James Theatre,Musical,
2013-2014,Bullets Over Broadway,African American,1,St. James Theatre,Musical,
2013-2014,Bullets Over Broadway,Latino,0,St. James Theatre,Musical,
2013-2014,Bullets Over Broadway,Asian American,0,St. James Theatre,Musical,
2013-2014,Bullets Over Broadway,Other,0,St. James Theatre,Musical,
2013-2014,Violet,Caucasian,11,American Airlines Theatre,Musical,1
2013-2014,Violet,African American,5,American Airlines Theatre,Musical,1
2013-2014,Violet,Latino,0,American Airlines Theatre,Musical,1
2013-2014,Violet,Asian American,0,American Airlines Theatre,Musical,1
2013-2014,Violet,Other,0,American Airlines Theatre,Musical,1
2013-2014,Les Miserables,Caucasian,30,Imperial Theatre,Musical,
2013-2014,Les Miserables,African American,5,Imperial Theatre,Musical,
2013-2014,Les Miserables,Latino,0,Imperial Theatre,Musical,
2013-2014,Les Miserables,Asian American,1,Imperial Theatre,Musical,
2013-2014,Les Miserables,Other,2,Imperial Theatre,Musical,
2013-2014,Hedwig And The Angry Inch,Caucasian,6,Belasco Theatre (Lincoln Center),Musical,
2013-2014,Hedwig And The Angry Inch,African American,0,Belasco Theatre (Lincoln Center),Musical,
2013-2014,Hedwig And The Angry Inch,Latino,0,Belasco Theatre (Lincoln Center),Musical,
2013-2014,Hedwig And The Angry Inch,Asian American,0,Belasco Theatre (Lincoln Center),Musical,
2013-2014,Hedwig And The Angry Inch,Other,0,Belasco Theatre (Lincoln Center),Musical,
2013-2014,Cabaret,Caucasian,22,Studio 54,Musical,1
2013-2014,Cabaret,African American,0,Studio 54,Musical,1
2013-2014,Cabaret,Latino,0,Studio 54,Musical,1
2013-2014,Cabaret,Asian American,0,Studio 54,Musical,1
2013-2014,Cabaret,Other,0,Studio 54,Musical,1
2013-2014,A Gentleman's Guide To Love And Murder,Caucasian,13,Walter Kerr Theatre,Musical,
2013-2014,A Gentleman's Guide To Love And Murder,African American,0,Walter Kerr Theatre,Musical,
2013-2014,A Gentleman's Guide To Love And Murder,Latino,0,Walter Kerr Theatre,Musical,
2013-2014,A Gentleman's Guide To Love And Murder,Asian American,0,Walter Kerr Theatre,Musical,
2013-2014,A Gentleman's Guide To Love And Murder,Other,0,Walter Kerr Theatre,Musical,
2013-2014,Bridges Of Madison County,Caucasian,18,Gerald Schoenfeld Theatre,Musical,
2013-2014,Bridges Of Madison County,African American,0,Gerald Schoenfeld Theatre,Musical,
2013-2014,Bridges Of Madison County,Latino,0,Gerald Schoenfeld Theatre,Musical,
2013-2014,Bridges Of Madison County,Asian American,0,Gerald Schoenfeld Theatre,Musical,
2013-2014,Bridges Of Madison County,Other,0,Gerald Schoenfeld Theatre,Musical,
2014-2015,Holler If Ya Hear Me,Caucasian,2,Palace Theatre,Musical,
2014-2015,Holler If Ya Hear Me,African American,25,Palace Theatre,Musical,
2014-2015,Holler If Ya Hear Me,Latino,0,Palace Theatre,Musical,
2014-2015,Holler If Ya Hear Me,Asian American,0,Palace Theatre,Musical,
2014-2015,Holler If Ya Hear Me,Other,0,Palace Theatre,Musical,
2014-2015,On The Town ,Caucasian,27,Lyric Theatre ,Musical,
2014-2015,On The Town ,African American,3,Lyric Theatre ,Musical,
2014-2015,On The Town ,Latino,0,Lyric Theatre ,Musical,
2014-2015,On The Town ,Asian American,1,Lyric Theatre ,Musical,
2014-2015,On The Town ,Other,0,Lyric Theatre ,Musical,
2014-2015,Side show,Caucasian,25,St. James Theatre,Musical,
2014-2015,Side show,African American,3,St. James Theatre,Musical,
2014-2015,Side show,Latino,1,St. James Theatre,Musical,
2014-2015,Side show,Asian American,1,St. James Theatre,Musical,
2014-2015,Side show,Other,0,St. James Theatre,Musical,
2014-2015,Honeymoon In Vegas,Caucasian,19,Nederlander Theatre ,Musical,
2014-2015,Honeymoon In Vegas,African American,1,Nederlander Theatre ,Musical,
2014-2015,Honeymoon In Vegas,Latino,1,Nederlander Theatre ,Musical,
2014-2015,Honeymoon In Vegas,Asian American,3,Nederlander Theatre ,Musical,
2014-2015,Honeymoon In Vegas,Other,0,Nederlander Theatre ,Musical,
2014-2015,Doctor Zhivago ,Caucasian,29,The Broadway Theatre,Musical,
2014-2015,Doctor Zhivago ,African American,0,The Broadway Theatre,Musical,
2014-2015,Doctor Zhivago ,Latino,0,The Broadway Theatre,Musical,
2014-2015,Doctor Zhivago ,Asian American,3,The Broadway Theatre,Musical,
2014-2015,Doctor Zhivago ,Other,0,The Broadway Theatre,Musical,
2014-2015,The Visit,Caucasian,21,Lyceum Theatre (Lincoln Center),Musical,
2014-2015,The Visit,African American,0,Lyceum Theatre (Lincoln Center),Musical,
2014-2015,The Visit,Latino,1,Lyceum Theatre (Lincoln Center),Musical,
2014-2015,The Visit,Asian American,0,Lyceum Theatre (Lincoln Center),Musical,
2014-2015,The Visit,Other,1,Lyceum Theatre (Lincoln Center),Musical,
2014-2015,It Shoulda Been You,Caucasian,17,Brooks Atkinson Theater,Musical,
2014-2015,It Shoulda Been You,African American,1,Brooks Atkinson Theater,Musical,
2014-2015,It Shoulda Been You,Latino,0,Brooks Atkinson Theater,Musical,
2014-2015,It Shoulda Been You,Asian American,0,Brooks Atkinson Theater,Musical,
2014-2015,It Shoulda Been You,Other,0,Brooks Atkinson Theater,Musical,
2014-2015,Fun Home,Caucasian,12,Circle In The Square,Musical,
2014-2015,Fun Home,African American,0,Circle In The Square,Musical,
2014-2015,Fun Home,Latino,2,Circle In The Square,Musical,
2014-2015,Fun Home,Asian American,0,Circle In The Square,Musical,
2014-2015,Fun Home,Other,0,Circle In The Square,Musical,
2014-2015,An American In Paris,Caucasian,31,Palace Theatre,Musical,
2014-2015,An American In Paris,African American,2,Palace Theatre,Musical,
2014-2015,An American In Paris,Latino,0,Palace Theatre,Musical,
2014-2015,An American In Paris,Asian American,0,Palace Theatre,Musical,
2014-2015,An American In Paris,Other,0,Palace Theatre,Musical,
2014-2015,Something Rotten!,Caucasian,27,St. James Theatre,Musical,
2014-2015,Something Rotten!,African American,2,St. James Theatre,Musical,
2014-2015,Something Rotten!,Latino,0,St. James Theatre,Musical,
2014-2015,Something Rotten!,Asian American,0,St. James Theatre,Musical,
2014-2015,Something Rotten!,Other,0,St. James Theatre,Musical,
2014-2015,Gigi,Caucasian,18,Neil Simon Theatre,Musical,
2014-2015,Gigi,African American,1,Neil Simon Theatre,Musical,
2014-2015,Gigi,Latino,1,Neil Simon Theatre,Musical,
2014-2015,Gigi,Asian American,2,Neil Simon Theatre,Musical,
2014-2015,Gigi,Other,0,Neil Simon Theatre,Musical,
2014-2015,Finding Neverland,Caucasian,29,Lunt Fontanne Theatre,Musical,
2014-2015,Finding Neverland,African American,0,Lunt Fontanne Theatre,Musical,
2014-2015,Finding Neverland,Latino,1,Lunt Fontanne Theatre,Musical,
2014-2015,Finding Neverland,Asian American,0,Lunt Fontanne Theatre,Musical,
2014-2015,Finding Neverland,Other,0,Lunt Fontanne Theatre,Musical,
2014-2015,The King And I,Caucasian,7,The Vivian Beaumont,Musical,1
2014-2015,The King And I,African American,0,The Vivian Beaumont,Musical,1
2014-2015,The King And I,Latino,0,The Vivian Beaumont,Musical,1
2014-2015,The King And I,Asian American,62,The Vivian Beaumont,Musical,1
2014-2015,The King And I,Other,0,The Vivian Beaumont,Musical,1
2014-2015,The Last Ship,Caucasian,29,Neil Simon Theatre,Musical,
2014-2015,The Last Ship,African American,0,Neil Simon Theatre,Musical,
2014-2015,The Last Ship,Latino,0,Neil Simon Theatre,Musical,
2014-2015,The Last Ship,Asian American,0,Neil Simon Theatre,Musical,
2014-2015,The Last Ship,Other,0,Neil Simon Theatre,Musical,
2014-2015,It's Only A Play,Caucasian,10,Gerald Schoenfeld Theatre,Play,
2014-2015,It's Only A Play,African American,0,Gerald Schoenfeld Theatre,Play,
2014-2015,It's Only A Play,Latino,0,Gerald Schoenfeld Theatre,Play,
2014-2015,It's Only A Play,Asian American,0,Gerald Schoenfeld Theatre,Play,
2014-2015,It's Only A Play,Other,0,Gerald Schoenfeld Theatre,Play,
2014-2015,You Can't Take It With You,Caucasian,19,Longacre Theatre,Play,
2014-2015,You Can't Take It With You,African American,6,Longacre Theatre,Play,
2014-2015,You Can't Take It With You,Latino,0,Longacre Theatre,Play,
2014-2015,You Can't Take It With You,Asian American,0,Longacre Theatre,Play,
2014-2015,You Can't Take It With You,Other,0,Longacre Theatre,Play,
2014-2015,The River ,Caucasian,3,Circle In The Square,Play,
2014-2015,The River ,African American,2,Circle In The Square,Play,
2014-2015,The River ,Latino,0,Circle In The Square,Play,
2014-2015,The River ,Asian American,0,Circle In The Square,Play,
2014-2015,The River ,Other,0,Circle In The Square,Play,
2014-2015,Curious Incident Of The Dog In The Night Time,Caucasian,0,Ethel Barrymore Theatre,Play,
2014-2015,Curious Incident Of The Dog In The Night Time,African American,2,Ethel Barrymore Theatre,Play,
2014-2015,Curious Incident Of The Dog In The Night Time,Latino,2,Ethel Barrymore Theatre,Play,
2014-2015,Curious Incident Of The Dog In The Night Time,Asian American,0,Ethel Barrymore Theatre,Play,
2014-2015,Curious Incident Of The Dog In The Night Time,Other,0,Ethel Barrymore Theatre,Play,
2014-2015,The Heidi Chronicles,Caucasian,10,The Music Box,Play,
2014-2015,The Heidi Chronicles,African American,0,The Music Box,Play,
2014-2015,The Heidi Chronicles,Latino,0,The Music Box,Play,
2014-2015,The Heidi Chronicles,Asian American,1,The Music Box,Play,
2014-2015,The Heidi Chronicles,Other,0,The Music Box,Play,
2014-2015,Fish In The Dark,Caucasian,24,Cort Theatre,Play,
2014-2015,Fish In The Dark,African American,0,Cort Theatre,Play,
2014-2015,Fish In The Dark,Latino,5,Cort Theatre,Play,
2014-2015,Fish In The Dark,Asian American,0,Cort Theatre,Play,
2014-2015,Fish In The Dark,Other,0,Cort Theatre,Play,
2014-2015,This Is Our Youth,Caucasian,5,Cort Theatre,Play,
2014-2015,This Is Our Youth,African American,0,Cort Theatre,Play,
2014-2015,This Is Our Youth,Latino,0,Cort Theatre,Play,
2014-2015,This Is Our Youth,Asian American,0,Cort Theatre,Play,
2014-2015,This Is Our Youth,Other,0,Cort Theatre,Play,
2014-2015,A Delicate Balance,Caucasian,11,Golden Theatre,Play,
2014-2015,A Delicate Balance,African American,0,Golden Theatre,Play,
2014-2015,A Delicate Balance,Latino,0,Golden Theatre,Play,
2014-2015,A Delicate Balance,Asian American,0,Golden Theatre,Play,
2014-2015,A Delicate Balance,Other,0,Golden Theatre,Play,
2014-2015,The Elephant Man,Caucasian,15,Booth Theatre,Play,
2014-2015,The Elephant Man,African American,0,Booth Theatre,Play,
2014-2015,The Elephant Man,Latino,0,Booth Theatre,Play,
2014-2015,The Elephant Man,Asian American,0,Booth Theatre,Play,
2014-2015,The Elephant Man,Other,0,Booth Theatre,Play,
2014-2015,The Audience,Caucasian,18,Gerald Schoenfeld Theatre,Play,
2014-2015,The Audience,African American,0,Gerald Schoenfeld Theatre,Play,
2014-2015,The Audience,Latino,0,Gerald Schoenfeld Theatre,Play,
2014-2015,The Audience,Asian American,0,Gerald Schoenfeld Theatre,Play,
2014-2015,The Audience,Other,0,Gerald Schoenfeld Theatre,Play,
2014-2015,Hand To God,Caucasian,9,Booth Theatre,Play,
2014-2015,Hand To God,African American,0,Booth Theatre,Play,
2014-2015,Hand To God,Latino,0,Booth Theatre,Play,
2014-2015,Hand To God,Asian American,0,Booth Theatre,Play,
2014-2015,Hand To God,Other,0,Booth Theatre,Play,
2014-2015,Living On Love,Caucasian,10,Longacre Theatre,Play,
2014-2015,Living On Love,African American,0,Longacre Theatre,Play,
2014-2015,Living On Love,Latino,0,Longacre Theatre,Play,
2014-2015,Living On Love,Asian American,0,Longacre Theatre,Play,
2014-2015,Living On Love,Other,0,Longacre Theatre,Play,
2014-2015,Wolf Hall,Caucasian,23,Winter Garden Theatre,Play,
2014-2015,Wolf Hall,African American,0,Winter Garden Theatre,Play,
2014-2015,Wolf Hall,Latino,0,Winter Garden Theatre,Play,
2014-2015,Wolf Hall,Asian American,0,Winter Garden Theatre,Play,
2014-2015,Wolf Hall,Other,0,Winter Garden Theatre,Play,
2014-2015,Skylight,Caucasian,6,Golden Theatre,Play,
2014-2015,Skylight,African American,0,Golden Theatre,Play,
2014-2015,Skylight,Latino,0,Golden Theatre,Play,
2014-2015,Skylight,Asian American,0,Golden Theatre,Play,
2014-2015,Skylight,Other,0,Golden Theatre,Play,
2014-2015,The Country House,Caucasian,5,Samuel J. Friedman Theater,Play,1
2014-2015,The Country House,African American,1,Samuel J. Friedman Theater,Play,1
2014-2015,The Country House,Latino,0,Samuel J. Friedman Theater,Play,1
2014-2015,The Country House,Asian American,0,Samuel J. Friedman Theater,Play,1
2014-2015,The Country House,Other,0,Samuel J. Friedman Theater,Play,1
2014-2015,Airline Highway,Caucasian,11,Samuel J. Friedman Theater,Play,1
2014-2015,Airline Highway,African American,5,Samuel J. Friedman Theater,Play,1
2014-2015,Airline Highway,Latino,0,Samuel J. Friedman Theater,Play,1
2014-2015,Airline Highway,Asian American,0,Samuel J. Friedman Theater,Play,1
2014-2015,Airline Highway,Other,0,Samuel J. Friedman Theater,Play,1
2014-2015,Constellations,Caucasian,2,Samuel J. Friedman Theater,Play,1
2014-2015,Constellations,African American,0,Samuel J. Friedman Theater,Play,1
2014-2015,Constellations,Latino,0,Samuel J. Friedman Theater,Play,1
2014-2015,Constellations,Asian American,0,Samuel J. Friedman Theater,Play,1
2014-2015,Constellations,Other,0,Samuel J. Friedman Theater,Play,1
2014-2015,The Real Thing,Caucasian,11,American Airlines Theatre,Play,1
2014-2015,The Real Thing,African American,0,American Airlines Theatre,Play,1
2014-2015,The Real Thing,Latino,0,American Airlines Theatre,Play,1
2014-2015,The Real Thing,Asian American,0,American Airlines Theatre,Play,1
2014-2015,The Real Thing,Other,0,American Airlines Theatre,Play,1
2014-2015,Disgraced,Caucasian,4,Lyceum Theatre (Lincoln Center),Play,1
2014-2015,Disgraced,African American,2,Lyceum Theatre (Lincoln Center),Play,1
2014-2015,Disgraced,Latino,0,Lyceum Theatre (Lincoln Center),Play,1
2014-2015,Disgraced,Asian American,2,Lyceum Theatre (Lincoln Center),Play,1
2014-2015,Disgraced,Other,1,Lyceum Theatre (Lincoln Center),Play,1
2014-2015,Love Letters,Caucasian,6,Brooks Atkinson Theater,Play,
2014-2015,Love Letters,African American,0,Brooks Atkinson Theater,Play,
2014-2015,Love Letters,Latino,0,Brooks Atkinson Theater,Play,
2014-2015,Love Letters,Asian American,0,Brooks Atkinson Theater,Play,
2014-2015,Love Letters,Other,0,Brooks Atkinson Theater,Play,
