year,show,ethnicity,actors,theater,type,nonprofit
2012-2013,Chaplin,CAUCASIAN,21,Ethel Barrymore Theatre,Musical,
2012-2013,Chaplin,AFRICAN AMERICAN,3,Ethel Barrymore Theatre,Musical,
2012-2013,Chaplin,LATINO,2,Ethel Barrymore Theatre,Musical,
2012-2013,Chaplin,ASIAN AMERICAN,0,Ethel Barrymore Theatre,Musical,
2012-2013,Chaplin,OTHER,0,Ethel Barrymore Theatre,Musical,
2012-2013,Fela,CAUCASIAN,0,Al Hirschfeld Theatre,Musical,
2012-2013,Fela,AFRICAN AMERICAN,15,Al Hirschfeld Theatre,Musical,
2012-2013,Fela,LATINO,0,Al Hirschfeld Theatre,Musical,
2012-2013,Fela,ASIAN AMERICAN,0,Al Hirschfeld Theatre,Musical,
2012-2013,Fela,OTHER,0,Al Hirschfeld Theatre,Musical,
2012-2013,A Christmas Story,CAUCASIAN,28,Lunt Fontanne Theatre,Musical,
2012-2013,A Christmas Story,AFRICAN AMERICAN,1,Lunt Fontanne Theatre,Musical,
2012-2013,A Christmas Story,LATINO,3,Lunt Fontanne Theatre,Musical,
2012-2013,A Christmas Story,ASIAN AMERICAN,2,Lunt Fontanne Theatre,Musical,
2012-2013,A Christmas Story,OTHER,0,Lunt Fontanne Theatre,Musical,
2012-2013,Scandalous,CAUCASIAN,19,Neil Simon Theatre,Musical,
2012-2013,Scandalous,AFRICAN AMERICAN,3,Neil Simon Theatre,Musical,
2012-2013,Scandalous,LATINO,1,Neil Simon Theatre,Musical,
2012-2013,Scandalous,ASIAN AMERICAN,0,Neil Simon Theatre,Musical,
2012-2013,Scandalous,OTHER,0,Neil Simon Theatre,Musical,
2012-2013,Bring It On,CAUCASIAN,26,St. James Theatre,Musical,
2012-2013,Bring It On,AFRICAN AMERICAN,10,St. James Theatre,Musical,
2012-2013,Bring It On,LATINO,2,St. James Theatre,Musical,
2012-2013,Bring It On,ASIAN AMERICAN,1,St. James Theatre,Musical,
2012-2013,Bring It On,OTHER,0,St. James Theatre,Musical,
2012-2013,The Mystery of Edwin Drood,CAUCASIAN,23,Studio 54,Musical,
2012-2013,The Mystery of Edwin Drood,AFRICAN AMERICAN,0,Studio 54,Musical,
2012-2013,The Mystery of Edwin Drood,LATINO,1,Studio 54,Musical,
2012-2013,The Mystery of Edwin Drood,ASIAN AMERICAN,0,Studio 54,Musical,
2012-2013,The Mystery of Edwin Drood,OTHER,0,Studio 54,Musical,
2012-2013,Annie,CAUCASIAN,39,Palace Theatre,Musical,
2012-2013,Annie,AFRICAN AMERICAN,3,Palace Theatre,Musical,
2012-2013,Annie,LATINO,2,Palace Theatre,Musical,
2012-2013,Annie,ASIAN AMERICAN,3,Palace Theatre,Musical,
2012-2013,Annie,OTHER,0,Palace Theatre,Musical,
2012-2013,Hands on a Hardbody,CAUCASIAN,18,Brooks Atkinson Theater,Musical,
2012-2013,Hands on a Hardbody,AFRICAN AMERICAN,2,Brooks Atkinson Theater,Musical,
2012-2013,Hands on a Hardbody,LATINO,2,Brooks Atkinson Theater,Musical,
2012-2013,Hands on a Hardbody,ASIAN AMERICAN,1,Brooks Atkinson Theater,Musical,
2012-2013,Hands on a Hardbody,OTHER,0,Brooks Atkinson Theater,Musical,
2012-2013,Elf,CAUCASIAN,24,Al Hirschfeld Theatre,Musical,
2012-2013,Elf,AFRICAN AMERICAN,3,Al Hirschfeld Theatre,Musical,
2012-2013,Elf,LATINO,0,Al Hirschfeld Theatre,Musical,
2012-2013,Elf,ASIAN AMERICAN,1,Al Hirschfeld Theatre,Musical,
2012-2013,Elf,OTHER,0,Al Hirschfeld Theatre,Musical,
2012-2013,Kinky Boots,CAUCASIAN,38,Al Hirschfeld Theatre,Musical,
2012-2013,Kinky Boots,AFRICAN AMERICAN,10,Al Hirschfeld Theatre,Musical,
2012-2013,Kinky Boots,LATINO,1,Al Hirschfeld Theatre,Musical,
2012-2013,Kinky Boots,ASIAN AMERICAN,1,Al Hirschfeld Theatre,Musical,
2012-2013,Kinky Boots,OTHER,0,Al Hirschfeld Theatre,Musical,
2012-2013,Matilda,CAUCASIAN,30,Shubert Theatre,Musical,
2012-2013,Matilda,AFRICAN AMERICAN,4,Shubert Theatre,Musical,
2012-2013,Matilda,LATINO,1,Shubert Theatre,Musical,
2012-2013,Matilda,ASIAN AMERICAN,2,Shubert Theatre,Musical,
2012-2013,Matilda,OTHER,0,Shubert Theatre,Musical,
2012-2013,Cinderella,CAUCASIAN,24,The Broadway Theatre,Musical,
2012-2013,Cinderella,AFRICAN AMERICAN,3,The Broadway Theatre,Musical,
2012-2013,Cinderella,LATINO,0,The Broadway Theatre,Musical,
2012-2013,Cinderella,ASIAN AMERICAN,2,The Broadway Theatre,Musical,
2012-2013,Cinderella,OTHER,0,The Broadway Theatre,Musical,
2012-2013,Jekyll and Hyde,CAUCASIAN,19,Marquis Theatre,Musical,
2012-2013,Jekyll and Hyde,AFRICAN AMERICAN,4,Marquis Theatre,Musical,
2012-2013,Jekyll and Hyde,LATINO,0,Marquis Theatre,Musical,
2012-2013,Jekyll and Hyde,ASIAN AMERICAN,0,Marquis Theatre,Musical,
2012-2013,Jekyll and Hyde,OTHER,0,Marquis Theatre,Musical,
2012-2013,Motown,CAUCASIAN,7,Lunt Fontanne Theatre,Musical,
2012-2013,Motown,AFRICAN AMERICAN,35,Lunt Fontanne Theatre,Musical,
2012-2013,Motown,LATINO,0,Lunt Fontanne Theatre,Musical,
2012-2013,Motown,ASIAN AMERICAN,0,Lunt Fontanne Theatre,Musical,
2012-2013,Motown,OTHER,0,Lunt Fontanne Theatre,Musical,
2012-2013,Pippin,CAUCASIAN,22,Music Box Theatre,Musical,
2012-2013,Pippin,AFRICAN AMERICAN,3,Music Box Theatre,Musical,
2012-2013,Pippin,LATINO,0,Music Box Theatre,Musical,
2012-2013,Pippin,ASIAN AMERICAN,0,Music Box Theatre,Musical,
2012-2013,Pippin,OTHER,0,Music Box Theatre,Musical,
2012-2013,Cyrano de Bergerac,CAUCASIAN,17,American Airlines Theatre,Play,
2012-2013,Cyrano de Bergerac,AFRICAN AMERICAN,1,American Airlines Theatre,Play,
2012-2013,Cyrano de Bergerac,LATINO,0,American Airlines Theatre,Play,
2012-2013,Cyrano de Bergerac,ASIAN AMERICAN,0,American Airlines Theatre,Play,
2012-2013,Cyrano de Bergerac,OTHER,0,American Airlines Theatre,Play,
2012-2013,An Enemy of the People by Henrik,CAUCASIAN,14,Samuel J. Friedman Theater,Play,
2012-2013,An Enemy of the People by Henrik,AFRICAN AMERICAN,0,Samuel J. Friedman Theater,Play,
2012-2013,An Enemy of the People by Henrik,LATINO,0,Samuel J. Friedman Theater,Play,
2012-2013,An Enemy of the People by Henrik,ASIAN AMERICAN,0,Samuel J. Friedman Theater,Play,
2012-2013,An Enemy of the People by Henrik,OTHER,0,Samuel J. Friedman Theater,Play,
2012-2013,The Performers,CAUCASIAN,8,Longacre Theatre,Play,
2012-2013,The Performers,AFRICAN AMERICAN,1,Longacre Theatre,Play,
2012-2013,The Performers,LATINO,0,Longacre Theatre,Play,
2012-2013,The Performers,ASIAN AMERICAN,0,Longacre Theatre,Play,
2012-2013,The Performers,OTHER,1,Longacre Theatre,Play,
2012-2013,Glengarry Glen Ross,CAUCASIAN,8,Gerald Schoenfeld Theatre,Play,
2012-2013,Glengarry Glen Ross,AFRICAN AMERICAN,0,Gerald Schoenfeld Theatre,Play,
2012-2013,Glengarry Glen Ross,LATINO,1,Gerald Schoenfeld Theatre,Play,
2012-2013,Glengarry Glen Ross,ASIAN AMERICAN,0,Gerald Schoenfeld Theatre,Play,
2012-2013,Glengarry Glen Ross,OTHER,0,Gerald Schoenfeld Theatre,Play,
2012-2013,Cat on a Hot Tin Roof,CAUCASIAN,18,Richard Rodgers Theatre,Play,
2012-2013,Cat on a Hot Tin Roof,AFRICAN AMERICAN,4,Richard Rodgers Theatre,Play,
2012-2013,Cat on a Hot Tin Roof,LATINO,0,Richard Rodgers Theatre,Play,
2012-2013,Cat on a Hot Tin Roof,ASIAN AMERICAN,0,Richard Rodgers Theatre,Play,
2012-2013,Cat on a Hot Tin Roof,OTHER,0,Richard Rodgers Theatre,Play,
2012-2013,Golden Boy,CAUCASIAN,19,Belasco Theatre (Lincoln Center),Play,
2012-2013,Golden Boy,AFRICAN AMERICAN,0,Belasco Theatre (Lincoln Center),Play,
2012-2013,Golden Boy,LATINO,2,Belasco Theatre (Lincoln Center),Play,
2012-2013,Golden Boy,ASIAN AMERICAN,0,Belasco Theatre (Lincoln Center),Play,
2012-2013,Golden Boy,OTHER,1,Belasco Theatre (Lincoln Center),Play,
2012-2013,The Nance,CAUCASIAN,12,Lyceum Theatre (Lincoln Center),Play,
2012-2013,The Nance,AFRICAN AMERICAN,0,Lyceum Theatre (Lincoln Center),Play,
2012-2013,The Nance,LATINO,1,Lyceum Theatre (Lincoln Center),Play,
2012-2013,The Nance,ASIAN AMERICAN,0,Lyceum Theatre (Lincoln Center),Play,
2012-2013,The Nance,OTHER,0,Lyceum Theatre (Lincoln Center),Play,
2012-2013,Breakfast at Tiffany's,CAUCASIAN,12,Cort Theatre,Play,
2012-2013,Breakfast at Tiffany's,AFRICAN AMERICAN,0,Cort Theatre,Play,
2012-2013,Breakfast at Tiffany's,LATINO,1,Cort Theatre,Play,
2012-2013,Breakfast at Tiffany's,ASIAN AMERICAN,2,Cort Theatre,Play,
2012-2013,Breakfast at Tiffany's,OTHER,0,Cort Theatre,Play,
2012-2013,Vanya & Sonia & Masha & Spike,CAUCASIAN,9,Golden Theatre,Play,
2012-2013,Vanya & Sonia & Masha & Spike,AFRICAN AMERICAN,2,Golden Theatre,Play,
2012-2013,Vanya & Sonia & Masha & Spike,LATINO,0,Golden Theatre,Play,
2012-2013,Vanya & Sonia & Masha & Spike,ASIAN AMERICAN,0,Golden Theatre,Play,
2012-2013,Vanya & Sonia & Masha & Spike,OTHER,0,Golden Theatre,Play,
2012-2013,The Trip to Bountiful,CAUCASIAN,0,Stephen Sondheim Theatre,Play,
2012-2013,The Trip to Bountiful,AFRICAN AMERICAN,10,Stephen Sondheim Theatre,Play,
2012-2013,The Trip to Bountiful,LATINO,0,Stephen Sondheim Theatre,Play,
2012-2013,The Trip to Bountiful,ASIAN AMERICAN,0,Stephen Sondheim Theatre,Play,
2012-2013,The Trip to Bountiful,OTHER,0,Stephen Sondheim Theatre,Play,
2012-2013,The Big Knife,CAUCASIAN,14,American Airlines Theatre,Play,
2012-2013,The Big Knife,AFRICAN AMERICAN,1,American Airlines Theatre,Play,
2012-2013,The Big Knife,LATINO,1,American Airlines Theatre,Play,
2012-2013,The Big Knife,ASIAN AMERICAN,0,American Airlines Theatre,Play,
2012-2013,The Big Knife,OTHER,0,American Airlines Theatre,Play,
2012-2013,Lucky Guy,CAUCASIAN,15,Broadhurst Theatre,Play,
2012-2013,Lucky Guy,AFRICAN AMERICAN,3,Broadhurst Theatre,Play,
2012-2013,Lucky Guy,LATINO,0,Broadhurst Theatre,Play,
2012-2013,Lucky Guy,ASIAN AMERICAN,0,Broadhurst Theatre,Play,
2012-2013,Lucky Guy,OTHER,0,Broadhurst Theatre,Play,
2012-2013,Harvey,CAUCASIAN,15,Studio 54,Play,
2012-2013,Harvey,AFRICAN AMERICAN,0,Studio 54,Play,
2012-2013,Harvey,LATINO,0,Studio 54,Play,
2012-2013,Harvey,ASIAN AMERICAN,0,Studio 54,Play,
2012-2013,Harvey,OTHER,0,Studio 54,Play,
2012-2013,The Anarchist,CAUCASIAN,3,Golden Theatre,Play,
2012-2013,The Anarchist,AFRICAN AMERICAN,0,Golden Theatre,Play,
2012-2013,The Anarchist,LATINO,0,Golden Theatre,Play,
2012-2013,The Anarchist,ASIAN AMERICAN,0,Golden Theatre,Play,
2012-2013,The Anarchist,OTHER,0,Golden Theatre,Play,
2012-2013,Dead Accounts,CAUCASIAN,8,The Music Box,Play,
2012-2013,Dead Accounts,AFRICAN AMERICAN,0,Walter Kerr Theatre,Play,
2012-2013,Dead Accounts,LATINO,0,Walter Kerr Theatre,Play,
2012-2013,Dead Accounts,ASIAN AMERICAN,0,Walter Kerr Theatre,Play,
2012-2013,Dead Accounts,OTHER,0,Walter Kerr Theatre,Play,
2012-2013,The Heiress,CAUCASIAN,11,Walter Kerr Theatre,Play,
2012-2013,The Heiress,AFRICAN AMERICAN,0,Walter Kerr Theatre,Play,
2012-2013,The Heiress,LATINO,0,Walter Kerr Theatre,Play,
2012-2013,The Heiress,ASIAN AMERICAN,0,Walter Kerr Theatre,Play,
2012-2013,The Heiress,OTHER,0,Walter Kerr Theatre,Play,
2012-2013,Who's Afraid of Virginia Woolf,CAUCASIAN,8,Booth Theatre,Play,
2012-2013,Who's Afraid of Virginia Woolf,AFRICAN AMERICAN,0,Booth Theatre,Play,
2012-2013,Who's Afraid of Virginia Woolf,LATINO,0,Booth Theatre,Play,
2012-2013,Who's Afraid of Virginia Woolf,ASIAN AMERICAN,0,Booth Theatre,Play,
2012-2013,Who's Afraid of Virginia Woolf,OTHER,0,Booth Theatre,Play,
2012-2013,Grace,CAUCASIAN,7,Cort Theatre,Play,
2012-2013,Grace,AFRICAN AMERICAN,0,Cort Theatre,Play,
2012-2013,Grace,LATINO,0,Cort Theatre,Play,
2012-2013,Grace,ASIAN AMERICAN,0,Cort Theatre,Play,
2012-2013,Grace,OTHER,0,Cort Theatre,Play,
2012-2013,Picnic,CAUCASIAN,15,American Airlines Theatre,Play,
2012-2013,Picnic,AFRICAN AMERICAN,0,American Airlines Theatre,Play,
2012-2013,Picnic,LATINO,0,American Airlines Theatre,Play,
2012-2013,Picnic,ASIAN AMERICAN,0,American Airlines Theatre,Play,
2012-2013,Picnic,OTHER,0,American Airlines Theatre,Play,
2012-2013,The Other Place by Sharr White,CAUCASIAN,4,Samuel J. Friedman Theater,Play,
2012-2013,The Other Place by Sharr White,AFRICAN AMERICAN,0,Samuel J. Friedman Theater,Play,
2012-2013,The Other Place by Sharr White,LATINO,0,Samuel J. Friedman Theater,Play,
2012-2013,The Other Place by Sharr White,ASIAN AMERICAN,0,Samuel J. Friedman Theater,Play,
2012-2013,The Other Place by Sharr White,OTHER,0,Samuel J. Friedman Theater,Play,
2012-2013,Ann ,CAUCASIAN,1,The Vivian Beaumont,Play,
2012-2013,Ann ,AFRICAN AMERICAN,0,The Vivian Beaumont,Play,
2012-2013,Ann ,LATINO,0,The Vivian Beaumont,Play,
2012-2013,Ann ,ASIAN AMERICAN,0,The Vivian Beaumont,Play,
2012-2013,Ann ,OTHER,0,The Vivian Beaumont,Play,
2012-2013,The Testament of Mary,CAUCASIAN,1,Walter Kerr Theatre,Play,
2012-2013,The Testament of Mary,AFRICAN AMERICAN,0,Walter Kerr Theatre,Play,
2012-2013,The Testament of Mary,LATINO,0,Walter Kerr Theatre,Play,
2012-2013,The Testament of Mary,ASIAN AMERICAN,0,Walter Kerr Theatre,Play,
2012-2013,The Testament of Mary,OTHER,0,Walter Kerr Theatre,Play,
2012-2013,The Assembled Parties,CAUCASIAN,12,Samuel J. Friedman Theater,Play,
2012-2013,The Assembled Parties,AFRICAN AMERICAN,0,Samuel J. Friedman Theater,Play,
2012-2013,The Assembled Parties,LATINO,0,Samuel J. Friedman Theater,Play,
2012-2013,The Assembled Parties,ASIAN AMERICAN,0,Samuel J. Friedman Theater,Play,
2012-2013,The Assembled Parties,OTHER,0,Samuel J. Friedman Theater,Play,
2012-2013,Macbeth,CAUCASIAN,4,Ethel Barrymore Theatre,Play,
2012-2013,Macbeth,AFRICAN AMERICAN,0,Ethel Barrymore Theatre,Play,
2012-2013,Macbeth,LATINO,0,Ethel Barrymore Theatre,Play,
2012-2013,Macbeth,ASIAN AMERICAN,0,Ethel Barrymore Theatre,Play,
2012-2013,Macbeth,OTHER,0,Ethel Barrymore Theatre,Play,
2012-2013,Orphans,CAUCASIAN,6,Gerald Schoenfeld Theatre,Play,
2012-2013,Orphans,AFRICAN AMERICAN,0,Gerald Schoenfeld Theatre,Play,
2012-2013,Orphans,LATINO,0,Gerald Schoenfeld Theatre,Play,
2012-2013,Orphans,ASIAN AMERICAN,0,Gerald Schoenfeld Theatre,Play,
2012-2013,Orphans,OTHER,0,Gerald Schoenfeld Theatre,Play,
2012-2013,I'll Eat You Last,CAUCASIAN,1,Booth Theatre,Play,
2012-2013,I'll Eat You Last,AFRICAN AMERICAN,0,Booth Theatre,Play,
2012-2013,I'll Eat You Last,LATINO,0,Booth Theatre,Play,
2012-2013,I'll Eat You Last,ASIAN AMERICAN,0,Booth Theatre,Play,
2012-2013,I'll Eat You Last,OTHER,0,Booth Theatre,Play,
2014-2015,Holler If Ya Hear Me,CAUCASIAN,2,Palace Theatre,Musical,
2014-2015,Holler If Ya Hear Me,AFRICAN AMERICAN,25,Palace Theatre,Musical,
2014-2015,Holler If Ya Hear Me,LATINO,0,Palace Theatre,Musical,
2014-2015,Holler If Ya Hear Me,ASIAN AMERICAN,0,Palace Theatre,Musical,
2014-2015,Holler If Ya Hear Me,OTHER,0,Palace Theatre,Musical,
2014-2015,On The Town ,CAUCASIAN,27,Lyric Theatre ,Musical,
2014-2015,On The Town ,AFRICAN AMERICAN,3,Lyric Theatre ,Musical,
2014-2015,On The Town ,LATINO,0,Lyric Theatre ,Musical,
2014-2015,On The Town ,ASIAN AMERICAN,1,Lyric Theatre ,Musical,
2014-2015,On The Town ,OTHER,0,Lyric Theatre ,Musical,
2014-2015,Side Show,CAUCASIAN,25,St. James Theatre,Musical,
2014-2015,Side Show,AFRICAN AMERICAN,3,St. James Theatre,Musical,
2014-2015,Side Show,LATINO,1,St. James Theatre,Musical,
2014-2015,Side Show,ASIAN AMERICAN,1,St. James Theatre,Musical,
2014-2015,Side Show,OTHER,0,St. James Theatre,Musical,
2014-2015,Honeymoon In Vegas,CAUCASIAN,19,Nederlander Theatre ,Musical,
2014-2015,Honeymoon In Vegas,AFRICAN AMERICAN,1,Nederlander Theatre ,Musical,
2014-2015,Honeymoon In Vegas,LATINO,1,Nederlander Theatre ,Musical,
2014-2015,Honeymoon In Vegas,ASIAN AMERICAN,3,Nederlander Theatre ,Musical,
2014-2015,Honeymoon In Vegas,OTHER,0,Nederlander Theatre ,Musical,
2014-2015,Doctor Zhivago ,CAUCASIAN,29,The Broadway Theatre,Musical,
2014-2015,Doctor Zhivago ,AFRICAN AMERICAN,0,The Broadway Theatre,Musical,
2014-2015,Doctor Zhivago ,LATINO,0,The Broadway Theatre,Musical,
2014-2015,Doctor Zhivago ,ASIAN AMERICAN,3,The Broadway Theatre,Musical,
2014-2015,Doctor Zhivago ,OTHER,0,The Broadway Theatre,Musical,
2014-2015,The Visit,CAUCASIAN,21,Lyceum Theatre (Lincoln Center),Musical,
2014-2015,The Visit,AFRICAN AMERICAN,0,Lyceum Theatre (Lincoln Center),Musical,
2014-2015,The Visit,LATINO,1,Lyceum Theatre (Lincoln Center),Musical,
2014-2015,The Visit,ASIAN AMERICAN,0,Lyceum Theatre (Lincoln Center),Musical,
2014-2015,The Visit,OTHER,1,Lyceum Theatre (Lincoln Center),Musical,
2014-2015,It Shoulda Been You,CAUCASIAN,17,Brooks Atkinson Theater,Musical,
2014-2015,It Shoulda Been You,AFRICAN AMERICAN,1,Brooks Atkinson Theater,Musical,
2014-2015,It Shoulda Been You,LATINO,0,Brooks Atkinson Theater,Musical,
2014-2015,It Shoulda Been You,ASIAN AMERICAN,0,Brooks Atkinson Theater,Musical,
2014-2015,It Shoulda Been You,OTHER,0,Brooks Atkinson Theater,Musical,
2014-2015,Fun Home,CAUCASIAN,12,Circle In The Square,Musical,
2014-2015,Fun Home,AFRICAN AMERICAN,0,Circle In The Square,Musical,
2014-2015,Fun Home,LATINO,2,Circle In The Square,Musical,
2014-2015,Fun Home,ASIAN AMERICAN,0,Circle In The Square,Musical,
2014-2015,Fun Home,OTHER,0,Circle In The Square,Musical,
2014-2015,An American In Paris,CAUCASIAN,31,Palace Theatre,Musical,
2014-2015,An American In Paris,AFRICAN AMERICAN,2,Palace Theatre,Musical,
2014-2015,An American In Paris,LATINO,0,Palace Theatre,Musical,
2014-2015,An American In Paris,ASIAN AMERICAN,0,Palace Theatre,Musical,
2014-2015,An American In Paris,OTHER,0,Palace Theatre,Musical,
2014-2015,Something Rotten!,CAUCASIAN,27,St. James Theatre,Musical,
2014-2015,Something Rotten!,AFRICAN AMERICAN,2,St. James Theatre,Musical,
2014-2015,Something Rotten!,LATINO,0,St. James Theatre,Musical,
2014-2015,Something Rotten!,ASIAN AMERICAN,0,St. James Theatre,Musical,
2014-2015,Something Rotten!,OTHER,0,St. James Theatre,Musical,
2014-2015,Gigi,CAUCASIAN,18,Neil Simon Theatre,Musical,
2014-2015,Gigi,AFRICAN AMERICAN,1,Neil Simon Theatre,Musical,
2014-2015,Gigi,LATINO,1,Neil Simon Theatre,Musical,
2014-2015,Gigi,ASIAN AMERICAN,2,Neil Simon Theatre,Musical,
2014-2015,Gigi,OTHER,0,Neil Simon Theatre,Musical,
2014-2015,Finding Neverland,CAUCASIAN,29,Lunt Fontanne Theatre,Musical,
2014-2015,Finding Neverland,AFRICAN AMERICAN,0,Lunt Fontanne Theatre,Musical,
2014-2015,Finding Neverland,LATINO,1,Lunt Fontanne Theatre,Musical,
2014-2015,Finding Neverland,ASIAN AMERICAN,0,Lunt Fontanne Theatre,Musical,
2014-2015,Finding Neverland,OTHER,0,Lunt Fontanne Theatre,Musical,
2014-2015,The King And I,CAUCASIAN,7,The Vivian Beaumont,Musical,1
2014-2015,The King And I,AFRICAN AMERICAN,0,The Vivian Beaumont,Musical,1
2014-2015,The King And I,LATINO,0,The Vivian Beaumont,Musical,1
2014-2015,The King And I,ASIAN AMERICAN,62,The Vivian Beaumont,Musical,1
2014-2015,The King And I,OTHER,0,The Vivian Beaumont,Musical,1
2014-2015,The Last Ship,CAUCASIAN,29,Neil Simon Theatre,Musical,
2014-2015,The Last Ship,AFRICAN AMERICAN,0,Neil Simon Theatre,Musical,
2014-2015,The Last Ship,LATINO,0,Neil Simon Theatre,Musical,
2014-2015,The Last Ship,ASIAN AMERICAN,0,Neil Simon Theatre,Musical,
2014-2015,The Last Ship,OTHER,0,Neil Simon Theatre,Musical,
2014-2015,It's Only A Play,CAUCASIAN,10,Gerald Schoenfeld Theatre,Play,
2014-2015,It's Only A Play,AFRICAN AMERICAN,0,Gerald Schoenfeld Theatre,Play,
2014-2015,It's Only A Play,LATINO,0,Gerald Schoenfeld Theatre,Play,
2014-2015,It's Only A Play,ASIAN AMERICAN,0,Gerald Schoenfeld Theatre,Play,
2014-2015,It's Only A Play,OTHER,0,Gerald Schoenfeld Theatre,Play,
2014-2015,You Can't Take It With You,CAUCASIAN,19,Longacre Theatre,Play,
2014-2015,You Can't Take It With You,AFRICAN AMERICAN,6,Longacre Theatre,Play,
2014-2015,You Can't Take It With You,LATINO,0,Longacre Theatre,Play,
2014-2015,You Can't Take It With You,ASIAN AMERICAN,0,Longacre Theatre,Play,
2014-2015,You Can't Take It With You,OTHER,0,Longacre Theatre,Play,
2014-2015,The River ,CAUCASIAN,3,Circle In The Square,Play,
2014-2015,The River ,AFRICAN AMERICAN,2,Circle In The Square,Play,
2014-2015,The River ,LATINO,0,Circle In The Square,Play,
2014-2015,The River ,ASIAN AMERICAN,0,Circle In The Square,Play,
2014-2015,The River ,OTHER,0,Circle In The Square,Play,
2014-2015,CURIOUS INCIDENT OF THE DOG IN THE NIGHT TIME,CAUCASIAN,0,Ethel Barrymore Theatre,Play,
2014-2015,CURIOUS INCIDENT OF THE DOG IN THE NIGHT TIME,AFRICAN AMERICAN,2,Ethel Barrymore Theatre,Play,
2014-2015,CURIOUS INCIDENT OF THE DOG IN THE NIGHT TIME,LATINO,2,Ethel Barrymore Theatre,Play,
2014-2015,CURIOUS INCIDENT OF THE DOG IN THE NIGHT TIME,ASIAN AMERICAN,0,Ethel Barrymore Theatre,Play,
2014-2015,CURIOUS INCIDENT OF THE DOG IN THE NIGHT TIME,OTHER,0,Ethel Barrymore Theatre,Play,
2014-2015,THE HEIDI CHRONICLES,CAUCASIAN,10,The Music Box,Play,
2014-2015,THE HEIDI CHRONICLES,AFRICAN AMERICAN,0,The Music Box,Play,
2014-2015,THE HEIDI CHRONICLES,LATINO,0,The Music Box,Play,
2014-2015,THE HEIDI CHRONICLES,ASIAN AMERICAN,1,The Music Box,Play,
2014-2015,THE HEIDI CHRONICLES,OTHER,0,The Music Box,Play,
2014-2015,Fish In The dark,CAUCASIAN,24,Cort Theatre,Play,
2014-2015,Fish In The dark,AFRICAN AMERICAN,0,Cort Theatre,Play,
2014-2015,Fish In The dark,LATINO,5,Cort Theatre,Play,
2014-2015,Fish In The dark,ASIAN AMERICAN,0,Cort Theatre,Play,
2014-2015,Fish In The dark,OTHER,0,Cort Theatre,Play,
2014-2015,THIS IS OUR YOUTH,CAUCASIAN,5,Cort Theatre,Play,
2014-2015,THIS IS OUR YOUTH,AFRICAN AMERICAN,0,Cort Theatre,Play,
2014-2015,THIS IS OUR YOUTH,LATINO,0,Cort Theatre,Play,
2014-2015,THIS IS OUR YOUTH,ASIAN AMERICAN,0,Cort Theatre,Play,
2014-2015,THIS IS OUR YOUTH,OTHER,0,Cort Theatre,Play,
2014-2015,A DELICATE BALANCE,CAUCASIAN,11,Golden Theatre,Play,
2014-2015,A DELICATE BALANCE,AFRICAN AMERICAN,0,Golden Theatre,Play,
2014-2015,A DELICATE BALANCE,LATINO,0,Golden Theatre,Play,
2014-2015,A DELICATE BALANCE,ASIAN AMERICAN,0,Golden Theatre,Play,
2014-2015,A DELICATE BALANCE,OTHER,0,Golden Theatre,Play,
2014-2015,THE ELEPHANT MAN,CAUCASIAN,15,Booth Theatre,Play,
2014-2015,THE ELEPHANT MAN,AFRICAN AMERICAN,0,Booth Theatre,Play,
2014-2015,THE ELEPHANT MAN,LATINO,0,Booth Theatre,Play,
2014-2015,THE ELEPHANT MAN,ASIAN AMERICAN,0,Booth Theatre,Play,
2014-2015,THE ELEPHANT MAN,OTHER,0,Booth Theatre,Play,
2014-2015,The Audience,CAUCASIAN,18,Gerald Schoenfeld Theatre,Play,
2014-2015,The Audience,AFRICAN AMERICAN,0,Gerald Schoenfeld Theatre,Play,
2014-2015,The Audience,LATINO,0,Gerald Schoenfeld Theatre,Play,
2014-2015,The Audience,ASIAN AMERICAN,0,Gerald Schoenfeld Theatre,Play,
2014-2015,The Audience,OTHER,0,Gerald Schoenfeld Theatre,Play,
2014-2015,Hand To God,CAUCASIAN,9,Booth Theatre,Play,
2014-2015,Hand To God,AFRICAN AMERICAN,0,Booth Theatre,Play,
2014-2015,Hand To God,LATINO,0,Booth Theatre,Play,
2014-2015,Hand To God,ASIAN AMERICAN,0,Booth Theatre,Play,
2014-2015,Hand To God,OTHER,0,Booth Theatre,Play,
2014-2015,Living On Love,CAUCASIAN,10,Longacre Theatre,Play,
2014-2015,Living On Love,AFRICAN AMERICAN,0,Longacre Theatre,Play,
2014-2015,Living On Love,LATINO,0,Longacre Theatre,Play,
2014-2015,Living On Love,ASIAN AMERICAN,0,Longacre Theatre,Play,
2014-2015,Living On Love,OTHER,0,Longacre Theatre,Play,
2014-2015,Wolf Hall,CAUCASIAN,23,Winter Garden Theatre,Play,
2014-2015,Wolf Hall,AFRICAN AMERICAN,0,Winter Garden Theatre,Play,
2014-2015,Wolf Hall,LATINO,0,Winter Garden Theatre,Play,
2014-2015,Wolf Hall,ASIAN AMERICAN,0,Winter Garden Theatre,Play,
2014-2015,Wolf Hall,OTHER,0,Winter Garden Theatre,Play,
2014-2015,Skylight,CAUCASIAN,6,Golden Theatre,Play,
2014-2015,Skylight,AFRICAN AMERICAN,0,Golden Theatre,Play,
2014-2015,Skylight,LATINO,0,Golden Theatre,Play,
2014-2015,Skylight,ASIAN AMERICAN,0,Golden Theatre,Play,
2014-2015,Skylight,OTHER,0,Golden Theatre,Play,
2014-2015,The Country House,CAUCASIAN,5,Samuel J. Friedman Theater,Play,1
2014-2015,The Country House,AFRICAN AMERICAN,1,Samuel J. Friedman Theater,Play,1
2014-2015,The Country House,LATINO,0,Samuel J. Friedman Theater,Play,1
2014-2015,The Country House,ASIAN AMERICAN,0,Samuel J. Friedman Theater,Play,1
2014-2015,The Country House,OTHER,0,Samuel J. Friedman Theater,Play,1
2014-2015,Airline Highway,CAUCASIAN,11,Samuel J. Friedman Theater,Play,1
2014-2015,Airline Highway,AFRICAN AMERICAN,5,Samuel J. Friedman Theater,Play,1
2014-2015,Airline Highway,LATINO,0,Samuel J. Friedman Theater,Play,1
2014-2015,Airline Highway,ASIAN AMERICAN,0,Samuel J. Friedman Theater,Play,1
2014-2015,Airline Highway,OTHER,0,Samuel J. Friedman Theater,Play,1
2014-2015,Constellations,CAUCASIAN,2,Samuel J. Friedman Theater,Play,1
2014-2015,Constellations,AFRICAN AMERICAN,0,Samuel J. Friedman Theater,Play,1
2014-2015,Constellations,LATINO,0,Samuel J. Friedman Theater,Play,1
2014-2015,Constellations,ASIAN AMERICAN,0,Samuel J. Friedman Theater,Play,1
2014-2015,Constellations,OTHER,0,Samuel J. Friedman Theater,Play,1
2014-2015,The Real Thing,CAUCASIAN,11,American Airlines Theatre,Play,1
2014-2015,The Real Thing,AFRICAN AMERICAN,0,American Airlines Theatre,Play,1
2014-2015,The Real Thing,LATINO,0,American Airlines Theatre,Play,1
2014-2015,The Real Thing,ASIAN AMERICAN,0,American Airlines Theatre,Play,1
2014-2015,The Real Thing,OTHER,0,American Airlines Theatre,Play,1
2014-2015,Disgraced,CAUCASIAN,4,Lyceum Theatre (Lincoln Center),Play,1
2014-2015,Disgraced,AFRICAN AMERICAN,2,Lyceum Theatre (Lincoln Center),Play,1
2014-2015,Disgraced,LATINO,0,Lyceum Theatre (Lincoln Center),Play,1
2014-2015,Disgraced,ASIAN AMERICAN,2,Lyceum Theatre (Lincoln Center),Play,1
2014-2015,Disgraced,OTHER,1,Lyceum Theatre (Lincoln Center),Play,1
2014-2015,Love Letters,CAUCASIAN,6,Brooks Atkinson Theater,Play,
2014-2015,Love Letters,AFRICAN AMERICAN,0,Brooks Atkinson Theater,Play,
2014-2015,Love Letters,LATINO,0,Brooks Atkinson Theater,Play,
2014-2015,Love Letters,ASIAN AMERICAN,0,Brooks Atkinson Theater,Play,
2014-2015,Love Letters,OTHER,0,Brooks Atkinson Theater,Play,
2013-2014,A Time To Kill ,CAUCASIAN,12,Golden Theatre,Play,
2013-2014,A Time To Kill ,AFRICAN AMERICAN,5,Golden Theatre,Play,
2013-2014,A Time To Kill ,LATINO,0,Golden Theatre,Play,
2013-2014,A Time To Kill ,ASIAN AMERICAN,0,Golden Theatre,Play,
2013-2014,A Time To Kill ,OTHER,0,Golden Theatre,Play,
2013-2014,ROMEO AND JULIET,CAUCASIAN,12,Richard Rodgers Theatre,Play,
2013-2014,ROMEO AND JULIET,AFRICAN AMERICAN,11,Richard Rodgers Theatre,Play,
2013-2014,ROMEO AND JULIET,LATINO,0,Richard Rodgers Theatre,Play,
2013-2014,ROMEO AND JULIET,ASIAN AMERICAN,0,Richard Rodgers Theatre,Play,
2013-2014,ROMEO AND JULIET,OTHER,0,Richard Rodgers Theatre,Play,
2013-2014,TWELFTH NIGHT / RICHARD THE THIRD,CAUCASIAN,17,Belasco Theatre (Lincoln Center),Play,
2013-2014,TWELFTH NIGHT / RICHARD THE THIRD,AFRICAN AMERICAN,1,Belasco Theatre (Lincoln Center),Play,
2013-2014,TWELFTH NIGHT / RICHARD THE THIRD,LATINO,0,Belasco Theatre (Lincoln Center),Play,
2013-2014,TWELFTH NIGHT / RICHARD THE THIRD,ASIAN AMERICAN,0,Belasco Theatre (Lincoln Center),Play,
2013-2014,TWELFTH NIGHT / RICHARD THE THIRD,OTHER,1,Belasco Theatre (Lincoln Center),Play,
2013-2014,BRONX BOMBERS,CAUCASIAN,10,Circle In The Square,Play,
2013-2014,BRONX BOMBERS,AFRICAN AMERICAN,3,Circle In The Square,Play,
2013-2014,BRONX BOMBERS,LATINO,0,Circle In The Square,Play,
2013-2014,BRONX BOMBERS,ASIAN AMERICAN,0,Circle In The Square,Play,
2013-2014,BRONX BOMBERS,OTHER,0,Circle In The Square,Play,
2013-2014,LADY DAY AT EMERSON'S BAR AND GRILL ,CAUCASIAN,0,Circle In The Square,Play,
2013-2014,LADY DAY AT EMERSON'S BAR AND GRILL ,AFRICAN AMERICAN,2,Circle In The Square,Play,
2013-2014,LADY DAY AT EMERSON'S BAR AND GRILL ,LATINO,0,Circle In The Square,Play,
2013-2014,LADY DAY AT EMERSON'S BAR AND GRILL ,ASIAN AMERICAN,0,Circle In The Square,Play,
2013-2014,LADY DAY AT EMERSON'S BAR AND GRILL ,OTHER,0,Circle In The Square,Play,
2013-2014,A RAISIN IN THE SUN,CAUCASIAN,2,Ethel Barrymore Theatre,Play,
2013-2014,A RAISIN IN THE SUN,AFRICAN AMERICAN,15,Ethel Barrymore Theatre,Play,
2013-2014,A RAISIN IN THE SUN,LATINO,0,Ethel Barrymore Theatre,Play,
2013-2014,A RAISIN IN THE SUN,ASIAN AMERICAN,0,Ethel Barrymore Theatre,Play,
2013-2014,A RAISIN IN THE SUN,OTHER,0,Ethel Barrymore Theatre,Play,
2013-2014,All The Way,CAUCASIAN,16,Neil Simon Theatre,Play,
2013-2014,All The Way,AFRICAN AMERICAN,8,Neil Simon Theatre,Play,
2013-2014,All The Way,LATINO,0,Neil Simon Theatre,Play,
2013-2014,All The Way,ASIAN AMERICAN,0,Neil Simon Theatre,Play,
2013-2014,All The Way,OTHER,0,Neil Simon Theatre,Play,
2013-2014,Of Mice and Men,CAUCASIAN,12,Longacre Theatre,Play,
2013-2014,Of Mice and Men,AFRICAN AMERICAN,2,Longacre Theatre,Play,
2013-2014,Of Mice and Men,LATINO,0,Longacre Theatre,Play,
2013-2014,Of Mice and Men,ASIAN AMERICAN,0,Longacre Theatre,Play,
2013-2014,Of Mice and Men,OTHER,0,Longacre Theatre,Play,
2013-2014,Betrayal,CAUCASIAN,7,Ethel Barrymore Theatre,Play,
2013-2014,Betrayal,AFRICAN AMERICAN,0,Ethel Barrymore Theatre,Play,
2013-2014,Betrayal,LATINO,0,Ethel Barrymore Theatre,Play,
2013-2014,Betrayal,ASIAN AMERICAN,0,Ethel Barrymore Theatre,Play,
2013-2014,Betrayal,OTHER,0,Ethel Barrymore Theatre,Play,
2013-2014,The glass Menagerie,CAUCASIAN,7,Booth Theatre,Play,
2013-2014,The glass Menagerie,AFRICAN AMERICAN,0,Booth Theatre,Play,
2013-2014,The glass Menagerie,LATINO,0,Booth Theatre,Play,
2013-2014,The glass Menagerie,ASIAN AMERICAN,0,Booth Theatre,Play,
2013-2014,The glass Menagerie,OTHER,0,Booth Theatre,Play,
2013-2014,No Man's Land/Waiting for Godot,CAUCASIAN,8,Cort Theatre,Play,
2013-2014,No Man's Land/Waiting for Godot,AFRICAN AMERICAN,0,Cort Theatre,Play,
2013-2014,No Man's Land/Waiting for Godot,LATINO,0,Cort Theatre,Play,
2013-2014,No Man's Land/Waiting for Godot,ASIAN AMERICAN,0,Cort Theatre,Play,
2013-2014,No Man's Land/Waiting for Godot,OTHER,0,Cort Theatre,Play,
2013-2014,Mothers and Sons,CAUCASIAN,7,Golden Theatre,Play,
2013-2014,Mothers and Sons,AFRICAN AMERICAN,0,Golden Theatre,Play,
2013-2014,Mothers and Sons,LATINO,0,Golden Theatre,Play,
2013-2014,Mothers and Sons,ASIAN AMERICAN,0,Golden Theatre,Play,
2013-2014,Mothers and Sons,OTHER,0,Golden Theatre,Play,
2013-2014,The Velocity of Autumn,CAUCASIAN,4,Booth Theatre,Play,
2013-2014,The Velocity of Autumn,AFRICAN AMERICAN,0,Booth Theatre,Play,
2013-2014,The Velocity of Autumn,LATINO,0,Booth Theatre,Play,
2013-2014,The Velocity of Autumn,ASIAN AMERICAN,0,Booth Theatre,Play,
2013-2014,The Velocity of Autumn,OTHER,0,Booth Theatre,Play,
2013-2014,THE CRIPPLE OF INISHMAAN,CAUCASIAN,13,Cort Theatre,Play,
2013-2014,THE CRIPPLE OF INISHMAAN,AFRICAN AMERICAN,0,Cort Theatre,Play,
2013-2014,THE CRIPPLE OF INISHMAAN,LATINO,0,Cort Theatre,Play,
2013-2014,THE CRIPPLE OF INISHMAAN,ASIAN AMERICAN,0,Cort Theatre,Play,
2013-2014,THE CRIPPLE OF INISHMAAN,OTHER,0,Cort Theatre,Play,
2013-2014,The Winslow Boy,CAUCASIAN,11,American Airlines Theatre,Play,1
2013-2014,The Winslow Boy,AFRICAN AMERICAN,0,American Airlines Theatre,Play,1
2013-2014,The Winslow Boy,LATINO,0,American Airlines Theatre,Play,1
2013-2014,The Winslow Boy,ASIAN AMERICAN,0,American Airlines Theatre,Play,1
2013-2014,The Winslow Boy,OTHER,0,American Airlines Theatre,Play,1
2013-2014,Act One ,CAUCASIAN,17,The Vivian Beaumont,Play,1
2013-2014,Act One ,AFRICAN AMERICAN,2,The Vivian Beaumont,Play,1
2013-2014,Act One ,LATINO,1,The Vivian Beaumont,Play,1
2013-2014,Act One ,ASIAN AMERICAN,0,The Vivian Beaumont,Play,1
2013-2014,Act One ,OTHER,1,The Vivian Beaumont,Play,1
2013-2014,Outside Mullingar ,CAUCASIAN,4,Samuel J. Friedman Theater,Play,1
2013-2014,Outside Mullingar ,AFRICAN AMERICAN,0,Samuel J. Friedman Theater,Play,1
2013-2014,Outside Mullingar ,LATINO,0,Samuel J. Friedman Theater,Play,1
2013-2014,Outside Mullingar ,ASIAN AMERICAN,0,Samuel J. Friedman Theater,Play,1
2013-2014,Outside Mullingar ,OTHER,0,Samuel J. Friedman Theater,Play,1
2013-2014,The Snow Geese,CAUCASIAN,7,Samuel J. Friedman Theater,Play,1
2013-2014,The Snow Geese,AFRICAN AMERICAN,0,Samuel J. Friedman Theater,Play,1
2013-2014,The Snow Geese,LATINO,0,Samuel J. Friedman Theater,Play,1
2013-2014,The Snow Geese,ASIAN AMERICAN,0,Samuel J. Friedman Theater,Play,1
2013-2014,The Snow Geese,OTHER,0,Samuel J. Friedman Theater,Play,1
2013-2014,Machinal ,CAUCASIAN,16,American Airlines Theatre,Play,1
2013-2014,Machinal ,AFRICAN AMERICAN,1,American Airlines Theatre,Play,1
2013-2014,Machinal ,LATINO,1,American Airlines Theatre,Play,1
2013-2014,Machinal ,ASIAN AMERICAN,0,American Airlines Theatre,Play,1
2013-2014,Machinal ,OTHER,0,American Airlines Theatre,Play,1
2013-2014,Casa Valentina,CAUCASIAN,9,Samuel J. Friedman Theater,Play,1
2013-2014,Casa Valentina,AFRICAN AMERICAN,0,Samuel J. Friedman Theater,Play,1
2013-2014,Casa Valentina,LATINO,0,Samuel J. Friedman Theater,Play,1
2013-2014,Casa Valentina,ASIAN AMERICAN,0,Samuel J. Friedman Theater,Play,1
2013-2014,Casa Valentina,OTHER,0,Samuel J. Friedman Theater,Play,1
2013-2014,The Realistic Joneses,CAUCASIAN,6,Lyceum Theatre (Lincoln Center),Play,
2013-2014,The Realistic Joneses,AFRICAN AMERICAN,0,Lyceum Theatre (Lincoln Center),Play,
2013-2014,The Realistic Joneses,LATINO,0,Lyceum Theatre (Lincoln Center),Play,
2013-2014,The Realistic Joneses,ASIAN AMERICAN,0,Lyceum Theatre (Lincoln Center),Play,
2013-2014,The Realistic Joneses,OTHER,0,Lyceum Theatre (Lincoln Center),Play,
2013-2014,FIRST DATE,CAUCASIAN,10,Longacre Theatre,Musical,
2013-2014,FIRST DATE,AFRICAN AMERICAN,0,Longacre Theatre,Musical,
2013-2014,FIRST DATE,LATINO,1,Longacre Theatre,Musical,
2013-2014,FIRST DATE,ASIAN AMERICAN,0,Longacre Theatre,Musical,
2013-2014,FIRST DATE,OTHER,0,Longacre Theatre,Musical,
2013-2014,SOUL DOCTOR ,CAUCASIAN,19,Circle In The Square,Musical,
2013-2014,SOUL DOCTOR ,AFRICAN AMERICAN,4,Circle In The Square,Musical,
2013-2014,SOUL DOCTOR ,LATINO,0,Circle In The Square,Musical,
2013-2014,SOUL DOCTOR ,ASIAN AMERICAN,0,Circle In The Square,Musical,
2013-2014,SOUL DOCTOR ,OTHER,0,Circle In The Square,Musical,
2013-2014,A NIGHT WITH JANIS JOPLIN,CAUCASIAN,3,Lyceum Theatre (Lincoln Center),Musical,
2013-2014,A NIGHT WITH JANIS JOPLIN,AFRICAN AMERICAN,5,Lyceum Theatre (Lincoln Center),Musical,
2013-2014,A NIGHT WITH JANIS JOPLIN,LATINO,0,Lyceum Theatre (Lincoln Center),Musical,
2013-2014,A NIGHT WITH JANIS JOPLIN,ASIAN AMERICAN,0,Lyceum Theatre (Lincoln Center),Musical,
2013-2014,A NIGHT WITH JANIS JOPLIN,OTHER,0,Lyceum Theatre (Lincoln Center),Musical,
2013-2014,BIG FISH,CAUCASIAN,23,Neil Simon Theatre,Musical,
2013-2014,BIG FISH,AFRICAN AMERICAN,3,Neil Simon Theatre,Musical,
2013-2014,BIG FISH,LATINO,0,Neil Simon Theatre,Musical,
2013-2014,BIG FISH,ASIAN AMERICAN,0,Neil Simon Theatre,Musical,
2013-2014,BIG FISH,OTHER,1,Neil Simon Theatre,Musical,
2013-2014,AFTER MIDNIGHT,CAUCASIAN,0,Brooks Atkinson Theater,Musical,
2013-2014,AFTER MIDNIGHT,AFRICAN AMERICAN,29,Brooks Atkinson Theater,Musical,
2013-2014,AFTER MIDNIGHT,LATINO,0,Brooks Atkinson Theater,Musical,
2013-2014,AFTER MIDNIGHT,ASIAN AMERICAN,0,Brooks Atkinson Theater,Musical,
2013-2014,AFTER MIDNIGHT,OTHER,0,Brooks Atkinson Theater,Musical,
2013-2014,ROCKY,CAUCASIAN,21,Winter Garden Theatre,Musical,
2013-2014,ROCKY,AFRICAN AMERICAN,9,Winter Garden Theatre,Musical,
2013-2014,ROCKY,LATINO,1,Winter Garden Theatre,Musical,
2013-2014,ROCKY,ASIAN AMERICAN,0,Winter Garden Theatre,Musical,
2013-2014,ROCKY,OTHER,0,Winter Garden Theatre,Musical,
2013-2014,ALADDIN,CAUCASIAN,16,New Amsterdam Theatre,Musical,
2013-2014,ALADDIN,AFRICAN AMERICAN,10,New Amsterdam Theatre,Musical,
2013-2014,ALADDIN,LATINO,2,New Amsterdam Theatre,Musical,
2013-2014,ALADDIN,ASIAN AMERICAN,7,New Amsterdam Theatre,Musical,
2013-2014,ALADDIN,OTHER,0,New Amsterdam Theatre,Musical,
2013-2014,BEAUTIFUL,CAUCASIAN,10,Pantages Theatre,Musical,
2013-2014,BEAUTIFUL,AFRICAN AMERICAN,8,Pantages Theatre,Musical,
2013-2014,BEAUTIFUL,LATINO,0,Pantages Theatre,Musical,
2013-2014,BEAUTIFUL,ASIAN AMERICAN,0,Pantages Theatre,Musical,
2013-2014,BEAUTIFUL,OTHER,0,Pantages Theatre,Musical,
2013-2014,IF/THEN,CAUCASIAN,11,Richard Rodgers Theatre,Musical,
2013-2014,IF/THEN,AFRICAN AMERICAN,5,Richard Rodgers Theatre,Musical,
2013-2014,IF/THEN,LATINO,1,Richard Rodgers Theatre,Musical,
2013-2014,IF/THEN,ASIAN AMERICAN,4,Richard Rodgers Theatre,Musical,
2013-2014,IF/THEN,OTHER,0,Richard Rodgers Theatre,Musical,
2013-2014,BULLETS OVER BROADWAY,CAUCASIAN,32,St. James Theatre,Musical,
2013-2014,BULLETS OVER BROADWAY,AFRICAN AMERICAN,1,St. James Theatre,Musical,
2013-2014,BULLETS OVER BROADWAY,LATINO,0,St. James Theatre,Musical,
2013-2014,BULLETS OVER BROADWAY,ASIAN AMERICAN,0,St. James Theatre,Musical,
2013-2014,BULLETS OVER BROADWAY,OTHER,0,St. James Theatre,Musical,
2013-2014,VIOLET,CAUCASIAN,11,American Airlines Theatre,Musical,1
2013-2014,VIOLET,AFRICAN AMERICAN,5,American Airlines Theatre,Musical,1
2013-2014,VIOLET,LATINO,0,American Airlines Theatre,Musical,1
2013-2014,VIOLET,ASIAN AMERICAN,0,American Airlines Theatre,Musical,1
2013-2014,VIOLET,OTHER,0,American Airlines Theatre,Musical,1
2013-2014,LES MISERABLES,CAUCASIAN,30,Imperial Theatre,Musical,
2013-2014,LES MISERABLES,AFRICAN AMERICAN,5,Imperial Theatre,Musical,
2013-2014,LES MISERABLES,LATINO,0,Imperial Theatre,Musical,
2013-2014,LES MISERABLES,ASIAN AMERICAN,1,Imperial Theatre,Musical,
2013-2014,LES MISERABLES,OTHER,2,Imperial Theatre,Musical,
2013-2014,HEDWIG AND THE ANGRY INCH,CAUCASIAN,6,Belasco Theatre (Lincoln Center),Musical,
2013-2014,HEDWIG AND THE ANGRY INCH,AFRICAN AMERICAN,0,Belasco Theatre (Lincoln Center),Musical,
2013-2014,HEDWIG AND THE ANGRY INCH,LATINO,0,Belasco Theatre (Lincoln Center),Musical,
2013-2014,HEDWIG AND THE ANGRY INCH,ASIAN AMERICAN,0,Belasco Theatre (Lincoln Center),Musical,
2013-2014,HEDWIG AND THE ANGRY INCH,OTHER,0,Belasco Theatre (Lincoln Center),Musical,
2013-2014,CABARET,CAUCASIAN,22,Studio 54,Musical,1
2013-2014,CABARET,AFRICAN AMERICAN,0,Studio 54,Musical,1
2013-2014,CABARET,LATINO,0,Studio 54,Musical,1
2013-2014,CABARET,ASIAN AMERICAN,0,Studio 54,Musical,1
2013-2014,CABARET,OTHER,0,Studio 54,Musical,1
2013-2014,A GENTLEMAN'S GUIDE TO LOVE AND MURDER,CAUCASIAN,13,Walter Kerr Theatre,Musical,
2013-2014,A GENTLEMAN'S GUIDE TO LOVE AND MURDER,AFRICAN AMERICAN,0,Walter Kerr Theatre,Musical,
2013-2014,A GENTLEMAN'S GUIDE TO LOVE AND MURDER,LATINO,0,Walter Kerr Theatre,Musical,
2013-2014,A GENTLEMAN'S GUIDE TO LOVE AND MURDER,ASIAN AMERICAN,0,Walter Kerr Theatre,Musical,
2013-2014,A GENTLEMAN'S GUIDE TO LOVE AND MURDER,OTHER,0,Walter Kerr Theatre,Musical,
2013-2014,BRIDGES OF MADISON COUNTY,CAUCASIAN,18,Gerald Schoenfeld Theatre,Musical,
2013-2014,BRIDGES OF MADISON COUNTY,AFRICAN AMERICAN,0,Gerald Schoenfeld Theatre,Musical,
2013-2014,BRIDGES OF MADISON COUNTY,LATINO,0,Gerald Schoenfeld Theatre,Musical,
2013-2014,BRIDGES OF MADISON COUNTY,ASIAN AMERICAN,0,Gerald Schoenfeld Theatre,Musical,
2013-2014,BRIDGES OF MADISON COUNTY,OTHER,0,Gerald Schoenfeld Theatre,Musical,
2011-2012,A Streetcar Named Desire,African American,11,,Play,
2011-2012,A Streetcar Named Desire,Asian American,0,,Play,
2011-2012,A Streetcar Named Desire,Caucasian,2,,Play,
2011-2012,A Streetcar Named Desire,Latino,3,,Play,
2011-2012,A Streetcar Named Desire,Other,0,,Play,
2011-2012,An Evening with Patti Lupone and Mady Patinkin,African American,0,,Musical,
2011-2012,An Evening with Patti Lupone and Mady Patinkin,Asian American,0,,Musical,
2011-2012,An Evening with Patti Lupone and Mady Patinkin,Caucasian,2,,Musical,
2011-2012,An Evening with Patti Lupone and Mady Patinkin,Latino,0,,Musical,
2011-2012,An Evening with Patti Lupone and Mady Patinkin,Other,0,,Musical,
2011-2012,Anything Goes,African American,2,,Musical,
2011-2012,Anything Goes,Asian American,0,,Musical,
2011-2012,Anything Goes,Caucasian,22,,Musical,
2011-2012,Anything Goes,Latino,0,,Musical,
2011-2012,Anything Goes,Other,0,,Musical,
2011-2012,Bonnie and Clyde,African American,0,,Musical,
2011-2012,Bonnie and Clyde,Asian American,0,,Musical,
2011-2012,Bonnie and Clyde,Caucasian,25,,Musical,
2011-2012,Bonnie and Clyde,Latino,0,,Musical,
2011-2012,Bonnie and Clyde,Other,0,,Musical,
2011-2012,Chinglish,African American,0,,Play,
2011-2012,Chinglish,Asian American,7,,Play,
2011-2012,Chinglish,Caucasian,3,,Play,
2011-2012,Chinglish,Latino,0,,Play,
2011-2012,Chinglish,Other,0,,Play,
2011-2012,Clybourne Park,African American,4,,Play,
2011-2012,Clybourne Park,Asian American,0,,Play,
2011-2012,Clybourne Park,Caucasian,9,,Play,
2011-2012,Clybourne Park,Latino,0,,Play,
2011-2012,Clybourne Park,Other,0,,Play,
2011-2012,Death of a Salesman,African American,0,,Play,
2011-2012,Death of a Salesman,Asian American,0,,Play,
2011-2012,Death of a Salesman,Caucasian,17,,Play,
2011-2012,Death of a Salesman,Latino,0,,Play,
2011-2012,Death of a Salesman,Other,0,,Play,
2011-2012,Don't Dress for Dinner,African American,1,,Play,
2011-2012,Don't Dress for Dinner,Asian American,0,,Play,
2011-2012,Don't Dress for Dinner,Caucasian,8,,Play,
2011-2012,Don't Dress for Dinner,Latino,0,,Play,
2011-2012,Don't Dress for Dinner,Other,0,,Play,
2011-2012,End of the Rainbow,African American,0,,Play,
2011-2012,End of the Rainbow,Asian American,0,,Play,
2011-2012,End of the Rainbow,Caucasian,7,,Play,
2011-2012,End of the Rainbow,Latino,0,,Play,
2011-2012,End of the Rainbow,Other,0,,Play,
2011-2012,Evita,African American,2,,Musical,
2011-2012,Evita,Asian American,0,,Musical,
2011-2012,Evita,Caucasian,34,,Musical,
2011-2012,Evita,Latino,3,,Musical,
2011-2012,Evita,Other,0,,Musical,
2011-2012,Follies,African American,4,,Musical,
2011-2012,Follies,Asian American,0,,Musical,
2011-2012,Follies,Caucasian,33,,Musical,
2011-2012,Follies,Latino,1,,Musical,
2011-2012,Follies,Other,0,,Musical,
2011-2012,Ghost The Musical,African American,9,,Musical,
2011-2012,Ghost The Musical,Asian American,0,,Musical,
2011-2012,Ghost The Musical,Caucasian,14,,Musical,
2011-2012,Ghost The Musical,Latino,3,,Musical,
2011-2012,Ghost The Musical,Other,0,,Musical,
2011-2012,Godspell,African American,6,,Musical,
2011-2012,Godspell,Asian American,2,,Musical,
2011-2012,Godspell,Caucasian,7,,Musical,
2011-2012,Godspell,Latino,2,,Musical,
2011-2012,Godspell,Other,0,,Musical,
2011-2012,Gore Vidal's The Best Man,African American,1,,Play,
2011-2012,Gore Vidal's The Best Man,Asian American,0,,Play,
2011-2012,Gore Vidal's The Best Man,Caucasian,24,,Play,
2011-2012,Gore Vidal's The Best Man,Latino,0,,Play,
2011-2012,Gore Vidal's The Best Man,Other,0,,Play,
2011-2012,Hair,African American,8,,Musical,
2011-2012,Hair,Asian American,3,,Musical,
2011-2012,Hair,Caucasian,15,,Musical,
2011-2012,Hair,Latino,0,,Musical,
2011-2012,Hair,Other,1,,Musical,
2011-2012,Harvey,African American,0,,Play,
2011-2012,Harvey,Asian American,0,,Play,
2011-2012,Harvey,Caucasian,15,,Play,
2011-2012,Harvey,Latino,0,,Play,
2011-2012,Harvey,Other,0,,Play,
2011-2012,How to Suceed in Business Without Really Trying,African American,0,,Musical,
2011-2012,How to Suceed in Business Without Really Trying,Asian American,0,,Musical,
2011-2012,How to Suceed in Business Without Really Trying,Caucasian,16,,Musical,
2011-2012,How to Suceed in Business Without Really Trying,Latino,0,,Musical,
2011-2012,How to Suceed in Business Without Really Trying,Other,0,,Musical,
2011-2012,"Hugh Jackman, Back on Broadway",African American,4,,Musical,
2011-2012,"Hugh Jackman, Back on Broadway",Asian American,0,,Musical,
2011-2012,"Hugh Jackman, Back on Broadway",Caucasian,7,,Musical,
2011-2012,"Hugh Jackman, Back on Broadway",Latino,0,,Musical,
2011-2012,"Hugh Jackman, Back on Broadway",Other,0,,Musical,
2011-2012,Jesus Christ Superstar,African American,6,,Musical,
2011-2012,Jesus Christ Superstar,Asian American,3,,Musical,
2011-2012,Jesus Christ Superstar,Caucasian,22,,Musical,
2011-2012,Jesus Christ Superstar,Latino,0,,Musical,
2011-2012,Jesus Christ Superstar,Other,0,,Musical,
2011-2012,Leap of Faith,African American,16,,Musical,
2011-2012,Leap of Faith,Asian American,1,,Musical,
2011-2012,Leap of Faith,Caucasian,14,,Musical,
2011-2012,Leap of Faith,Latino,2,,Musical,
2011-2012,Leap of Faith,Other,0,,Musical,
2011-2012,Lysistrata Jones,African American,4,,Musical,
2011-2012,Lysistrata Jones,Asian American,2,,Musical,
2011-2012,Lysistrata Jones,Caucasian,8,,Musical,
2011-2012,Lysistrata Jones,Latino,3,,Musical,
2011-2012,Lysistrata Jones,Other,0,,Musical,
2011-2012,Magic/Bird,African American,4,,Play,
2011-2012,Magic/Bird,Asian American,0,,Play,
2011-2012,Magic/Bird,Caucasian,4,,Play,
2011-2012,Magic/Bird,Latino,0,,Play,
2011-2012,Magic/Bird,Other,0,,Play,
2011-2012,Man and Boy,African American,0,,Play,
2011-2012,Man and Boy,Asian American,0,,Play,
2011-2012,Man and Boy,Caucasian,10,,Play,
2011-2012,Man and Boy,Latino,0,,Play,
2011-2012,Man and Boy,Other,0,,Play,
2011-2012,Master Class,African American,0,,Play,
2011-2012,Master Class,Asian American,0,,Play,
2011-2012,Master Class,Caucasian,10,,Play,
2011-2012,Master Class,Latino,0,,Play,
2011-2012,Master Class,Other,0,,Play,
2011-2012,Newsies The Musical,African American,2,,Musical,
2011-2012,Newsies The Musical,Asian American,2,,Musical,
2011-2012,Newsies The Musical,Caucasian,29,,Musical,
2011-2012,Newsies The Musical,Latino,0,,Musical,
2011-2012,Newsies The Musical,Other,0,,Musical,
2011-2012,Nice Work If You Can Get It,African American,5,,Musical,
2011-2012,Nice Work If You Can Get It,Asian American,0,,Musical,
2011-2012,Nice Work If You Can Get It,Caucasian,26,,Musical,
2011-2012,Nice Work If You Can Get It,Latino,0,,Musical,
2011-2012,Nice Work If You Can Get It,Other,0,,Musical,
2011-2012,On a Clear Day You Can See Forever,African American,1,,Musical,
2011-2012,On a Clear Day You Can See Forever,Asian American,0,,Musical,
2011-2012,On a Clear Day You Can See Forever,Caucasian,20,,Musical,
2011-2012,On a Clear Day You Can See Forever,Latino,0,,Musical,
2011-2012,On a Clear Day You Can See Forever,Other,0,,Musical,
2011-2012,Once,African American,0,,Musical,
2011-2012,Once,Asian American,0,,Musical,
2011-2012,Once,Caucasian,20,,Musical,
2011-2012,Once,Latino,0,,Musical,
2011-2012,Once,Other,0,,Musical,
2011-2012,"One Man, Two Guvnors",African American,2,,Play,
2011-2012,"One Man, Two Guvnors",Asian American,0,,Play,
2011-2012,"One Man, Two Guvnors",Caucasian,19,,Play,
2011-2012,"One Man, Two Guvnors",Latino,1,,Play,
2011-2012,"One Man, Two Guvnors",Other,0,,Play,
2011-2012,Other Desert Cities,African American,0,,Play,
2011-2012,Other Desert Cities,Asian American,0,,Play,
2011-2012,Other Desert Cities,Caucasian,15,,Play,
2011-2012,Other Desert Cities,Latino,0,,Play,
2011-2012,Other Desert Cities,Other,0,,Play,
2011-2012,Peter and the Starcatcher,African American,1,,Play,
2011-2012,Peter and the Starcatcher,Asian American,1,,Play,
2011-2012,Peter and the Starcatcher,Caucasian,14,,Play,
2011-2012,Peter and the Starcatcher,Latino,1,,Play,
2011-2012,Peter and the Starcatcher,Other,0,,Play,
2011-2012,Priscilla Queen of the Desert,African American,1,,Musical,
2011-2012,Priscilla Queen of the Desert,Asian American,0,,Musical,
2011-2012,Priscilla Queen of the Desert,Caucasian,9,,Musical,
2011-2012,Priscilla Queen of the Desert,Latino,0,,Musical,
2011-2012,Priscilla Queen of the Desert,Other,0,,Musical,
2011-2012,Private Lives,African American,0,,Play,
2011-2012,Private Lives,Asian American,0,,Play,
2011-2012,Private Lives,Caucasian,7,,Play,
2011-2012,Private Lives,Latino,0,,Play,
2011-2012,Private Lives,Other,0,,Play,
2011-2012,Relatively Speaking,African American,0,,Play,
2011-2012,Relatively Speaking,Asian American,0,,Play,
2011-2012,Relatively Speaking,Caucasian,11,,Play,
2011-2012,Relatively Speaking,Latino,0,,Play,
2011-2012,Relatively Speaking,Other,0,,Play,
2011-2012,Seminar,African American,0,,Play,
2011-2012,Seminar,Asian American,1,,Play,
2011-2012,Seminar,Caucasian,9,,Play,
2011-2012,Seminar,Latino,1,,Play,
2011-2012,Seminar,Other,0,,Play,
2011-2012,Shatner's World: We Just Live in It,African American,0,,Play,
2011-2012,Shatner's World: We Just Live in It,Asian American,0,,Play,
2011-2012,Shatner's World: We Just Live in It,Caucasian,1,,Play,
2011-2012,Shatner's World: We Just Live in It,Latino,0,,Play,
2011-2012,Shatner's World: We Just Live in It,Other,0,,Play,
2011-2012,Sister Act,African American,5,,Musical,
2011-2012,Sister Act,Asian American,0,,Musical,
2011-2012,Sister Act,Caucasian,6,,Musical,
2011-2012,Sister Act,Latino,0,,Musical,
2011-2012,Sister Act,Other,0,,Musical,
2011-2012,Spider-Man: Turn Off The Dark,African American,10,,Musical,
2011-2012,Spider-Man: Turn Off The Dark,Asian American,5,,Musical,
2011-2012,Spider-Man: Turn Off The Dark,Caucasian,47,,Musical,
2011-2012,Spider-Man: Turn Off The Dark,Latino,0,,Musical,
2011-2012,Spider-Man: Turn Off The Dark,Other,0,,Musical,
2011-2012,Stick Fly,African American,8,,Play,
2011-2012,Stick Fly,Asian American,0,,Play,
2011-2012,Stick Fly,Caucasian,2,,Play,
2011-2012,Stick Fly,Latino,0,,Play,
2011-2012,Stick Fly,Other,0,,Play,
2011-2012,The Book of Mormon,African American,6,,Musical,
2011-2012,The Book of Mormon,Asian American,0,,Musical,
2011-2012,The Book of Mormon,Caucasian,3,,Musical,
2011-2012,The Book of Mormon,Latino,0,,Musical,
2011-2012,The Book of Mormon,Other,0,,Musical,
2011-2012,The Columnist,African American,0,,Play,
2011-2012,The Columnist,Asian American,0,,Play,
2011-2012,The Columnist,Caucasian,12,,Play,
2011-2012,The Columnist,Latino,0,,Play,
2011-2012,The Columnist,Other,0,,Play,
2011-2012,The Gershwin's Porgy and Bess,African American,25,,Musical,
2011-2012,The Gershwin's Porgy and Bess,Asian American,0,,Musical,
2011-2012,The Gershwin's Porgy and Bess,Caucasian,2,,Musical,
2011-2012,The Gershwin's Porgy and Bess,Latino,0,,Musical,
2011-2012,The Gershwin's Porgy and Bess,Other,0,,Musical,
2011-2012,The Lyons,African American,1,,Play,
2011-2012,The Lyons,Asian American,0,,Play,
2011-2012,The Lyons,Caucasian,10,,Play,
2011-2012,The Lyons,Latino,0,,Play,
2011-2012,The Lyons,Other,0,,Play,
2011-2012,The Mountaintop,African American,4,,Play,
2011-2012,The Mountaintop,Asian American,0,,Play,
2011-2012,The Mountaintop,Caucasian,0,,Play,
2011-2012,The Mountaintop,Latino,0,,Play,
2011-2012,The Mountaintop,Other,0,,Play,
2011-2012,The Road to Mecca,African American,0,,Play,
2011-2012,The Road to Mecca,Asian American,0,,Play,
2011-2012,The Road to Mecca,Caucasian,6,,Play,
2011-2012,The Road to Mecca,Latino,0,,Play,
2011-2012,The Road to Mecca,Other,0,,Play,
2011-2012,Venus In Fur,African American,0,,Play,
2011-2012,Venus In Fur,Asian American,0,,Play,
2011-2012,Venus In Fur,Caucasian,5,,Play,
2011-2012,Venus In Fur,Latino,0,,Play,
2011-2012,Venus In Fur,Other,0,,Play,
2011-2012,War Horse,African American,0,,Musical,
2011-2012,War Horse,Asian American,1,,Musical,
2011-2012,War Horse,Caucasian,20,,Musical,
2011-2012,War Horse,Latino,0,,Musical,
2011-2012,War Horse,Other,0,,Musical,
2011-2012,Wit,African American,2,,Play,
2011-2012,Wit,Asian American,1,,Play,
2011-2012,Wit,Caucasian,8,,Play,
2011-2012,Wit,Latino,1,,Play,
2011-2012,Wit,Other,0,,Play,
